jurisdiction;ipc_class;applicant_name;app_count;rank;ipc_class_description;jurisdiction_description
CN;A61B;ZHEJIANG UNIVERSITY;1288;1;Diagnosis, Surgery, Identification;China (CNIPA)
CN;A61B;WEST CHINA HOSPITAL, SICHUAN UNIVERSITY;997;2;Diagnosis, Surgery, Identification;China (CNIPA)
CN;A61B;SHENZHEN MINDRAY BIOMEDICAL ELECTRONICS CO., LTD.;927;3;Diagnosis, Surgery, Identification;China (CNIPA)
CN;A61B;UNION HOSPITAL, TONGJI MEDICAL COLLAGE, HUAZHONG UNIVERSITY OF SCIENCE AND TECHNOLOGY;862;4;Diagnosis, Surgery, Identification;China (CNIPA)
CN;A61B;THE FIRST AFFILIATED HOSPITAL OF ZHENGZHOU UNIVERSITY;790;5;Diagnosis, Surgery, Identification;China (CNIPA)
CN;A61B;WUHAN UNITED IMAGING ZHIRONG MEDICAL TECHNOLOGY CO., LTD.;767;6;Diagnosis, Surgery, Identification;China (CNIPA)
CN;A61B;PEKING UNIVERSITY THIRD HOSPITAL (PEKING UNIVERSITY THIRD CLINICAL MEDICAL COLLEGE);724;7;Diagnosis, Surgery, Identification;China (CNIPA)
CN;A61B;JILIN UNIVERSITY;675;8;Diagnosis, Surgery, Identification;China (CNIPA)
CN;A61B;SHANGHAI UNITED IMAGING HEALTHCARE CO., LTD.;644;9;Diagnosis, Surgery, Identification;China (CNIPA)
CN;A61B;THE FOURTH MILITARY MEDICAL UNIVERSITY;620;10;Diagnosis, Surgery, Identification;China (CNIPA)
CN;A61C;SICHUAN UNIVERSITY;387;1;Dentistry, Oral Hygiene;China (CNIPA)
CN;A61C;SHANGHAI NINTH PEOPLE'S HOSPITAL, SHANGHAI JIAOTONG UNIVERSITY SCHOOL OF MEDICINE;335;2;Dentistry, Oral Hygiene;China (CNIPA)
CN;A61C;Guilin Woodpecker Medical Instrument Co., Ltd.;333;3;Dentistry, Oral Hygiene;China (CNIPA)
CN;A61C;GUANGZHOU XINGJI YUEDONG CO., LTD.;287;4;Dentistry, Oral Hygiene;China (CNIPA)
CN;A61C;PEKING UNIVERSITY SCHOOL OF STOMATOLOGY;238;5;Dentistry, Oral Hygiene;China (CNIPA)
CN;A61C;SHANGHAI FEIXIANG HEALTH TECHNOLOGY CO., LTD.;220;6;Dentistry, Oral Hygiene;China (CNIPA)
CN;A61C;SHENZHEN RISUN TECHNOLOGY CO., LTD.;167;7;Dentistry, Oral Hygiene;China (CNIPA)
CN;A61C;SMARTEE DENTI-TECHNOLOGY (SHANGHAI) CO., LTD.;163;8;Dentistry, Oral Hygiene;China (CNIPA)
CN;A61C;THE FOURTH MILITARY MEDICAL UNIVERSITY;152;9;Dentistry, Oral Hygiene;China (CNIPA)
CN;A61C;GUANGDONG BEIZHI HEALTH TECHNOLOGY CO., LTD.;137;10;Dentistry, Oral Hygiene;China (CNIPA)
CN;A61F;ZHEJIANG UNIVERSITY;445;1;Filters, Protheses, Orthotics;China (CNIPA)
CN;A61F;WEST CHINA HOSPITAL, SICHUAN UNIVERSITY;367;2;Filters, Protheses, Orthotics;China (CNIPA)
CN;A61F;UNION HOSPITAL, TONGJI MEDICAL COLLAGE, HUAZHONG UNIVERSITY OF SCIENCE AND TECHNOLOGY;359;3;Filters, Protheses, Orthotics;China (CNIPA)
CN;A61F;JILIN UNIVERSITY;356;4;Filters, Protheses, Orthotics;China (CNIPA)
CN;A61F;BEIJING CHUNLIZHENGDA MEDICAL INSTRUMENTS CO., LTD.;338;5;Filters, Protheses, Orthotics;China (CNIPA)
CN;A61F;EDWARDS LIFESCIENCES CORPORATION;332;6;Filters, Protheses, Orthotics;China (CNIPA)
CN;A61F;THE FIRST AFFILIATED HOSPITAL OF ZHENGZHOU UNIVERSITY;305;7;Filters, Protheses, Orthotics;China (CNIPA)
CN;A61F;UNI-CHARM CORPORATION;301;8;Filters, Protheses, Orthotics;China (CNIPA)
CN;A61F;SKG TECHNOLOGY CO., LTD.;301;8;Filters, Protheses, Orthotics;China (CNIPA)
CN;A61F;SHANGHAI NINTH PEOPLE'S HOSPITAL, SHANGHAI JIAOTONG UNIVERSITY SCHOOL OF MEDICINE;295;9;Filters, Protheses, Orthotics;China (CNIPA)
CN;A61F;THE FIRST HOSPITAL OF JILIN UNIVERSITY;278;10;Filters, Protheses, Orthotics;China (CNIPA)
CN;A61G;THE FIRST AFFILIATED HOSPITAL OF ZHENGZHOU UNIVERSITY;518;1;Transport, Personal Conveyances;China (CNIPA)
CN;A61G;THE FIRST HOSPITAL OF JILIN UNIVERSITY;480;2;Transport, Personal Conveyances;China (CNIPA)
CN;A61G;ZHEJIANG UNIVERSITY;377;3;Transport, Personal Conveyances;China (CNIPA)
CN;A61G;JILIN UNIVERSITY;370;4;Transport, Personal Conveyances;China (CNIPA)
CN;A61G;UNION HOSPITAL, TONGJI MEDICAL COLLAGE, HUAZHONG UNIVERSITY OF SCIENCE AND TECHNOLOGY;348;5;Transport, Personal Conveyances;China (CNIPA)
CN;A61G;WEST CHINA HOSPITAL, SICHUAN UNIVERSITY;319;6;Transport, Personal Conveyances;China (CNIPA)
CN;A61G;AFFILIATED HOSPITAL OF YOUJIANG MEDICAL UNIVERSITY FOR NATIONALITIES;278;7;Transport, Personal Conveyances;China (CNIPA)
CN;A61G;THE FOURTH MILITARY MEDICAL UNIVERSITY;275;8;Transport, Personal Conveyances;China (CNIPA)
CN;A61G;AIR FORCE MEDICAL UNIVERSITY OF PLA;248;9;Transport, Personal Conveyances;China (CNIPA)
CN;A61G;ZHENGZHOU CHILDREN'S HOSPITAL, HENAN CHILDREN'S HOSPITAL;243;10;Transport, Personal Conveyances;China (CNIPA)
CN;A61H;SKG TECHNOLOGY CO., LTD.;619;1;Physical Therapy Apparatus;China (CNIPA)
CN;A61H;ZDEER INDUSTRIAL (HUBEI) CO., LTD.;380;2;Physical Therapy Apparatus;China (CNIPA)
CN;A61H;OGAWA INTELLIGENT HEALTH TECHNOLOGY GROUP CO., LTD.;282;3;Physical Therapy Apparatus;China (CNIPA)
CN;A61H;THE FIRST AFFILIATED HOSPITAL OF ZHENGZHOU UNIVERSITY;271;4;Physical Therapy Apparatus;China (CNIPA)
CN;A61H;SHENZHEN BREO TECHNOLOGY CO., LTD.;232;5;Physical Therapy Apparatus;China (CNIPA)
CN;A61H;FUTURE WEARING HEALTH TECHNOLOGY CO., LTD.;230;6;Physical Therapy Apparatus;China (CNIPA)
CN;A61H;JILIN UNIVERSITY;228;7;Physical Therapy Apparatus;China (CNIPA)
CN;A61H;SHANGHAI RONGTAI HEALTH TECHNOLOGY CORPORATION LIMITED;227;8;Physical Therapy Apparatus;China (CNIPA)
CN;A61H;HENAN XIANGYU MEDICAL EQUIPMENT CO., LTD.;225;9;Physical Therapy Apparatus;China (CNIPA)
CN;A61H;SICHUAN TRINIDAD ELECTRONIC EQUIPMENT CO., LTD.;203;10;Physical Therapy Apparatus;China (CNIPA)
CN;A61J;UNION HOSPITAL, TONGJI MEDICAL COLLAGE, HUAZHONG UNIVERSITY OF SCIENCE AND TECHNOLOGY;125;1;Containers for Medicines;China (CNIPA)
CN;A61J;THE FIRST AFFILIATED HOSPITAL OF ZHENGZHOU UNIVERSITY;119;2;Containers for Medicines;China (CNIPA)
CN;A61J;WEST CHINA HOSPITAL, SICHUAN UNIVERSITY;111;3;Containers for Medicines;China (CNIPA)
CN;A61J;JILIN UNIVERSITY;108;4;Containers for Medicines;China (CNIPA)
CN;A61J;THE FIRST HOSPITAL OF JILIN UNIVERSITY;106;5;Containers for Medicines;China (CNIPA)
CN;A61J;ZHEJIANG UNIVERSITY;104;6;Containers for Medicines;China (CNIPA)
CN;A61J;ZHEJIANG HOUDAR AUTOMATION SYSTEM CO., LTD.;97;7;Containers for Medicines;China (CNIPA)
CN;A61J;WUHAN UNIVERSITY;83;8;Containers for Medicines;China (CNIPA)
CN;A61J;ZHENGZHOU CHILDREN'S HOSPITAL, HENAN CHILDREN'S HOSPITAL;74;9;Containers for Medicines;China (CNIPA)
CN;A61J;THE SIXTH MEDICAL CENTER OF PLA GENERAL HOSPITAL;73;10;Containers for Medicines;China (CNIPA)
CN;A61K40;CHINA PHARMACEUTICAL UNIVERSITY;71;1;Medicinal Preparations (Drug Delivery);China (CNIPA)
CN;A61K40;SHANGHAI INSTITUTE OF MATERIA MEDICA, CHINESE ACADEMY OF SCIENCES;50;2;Medicinal Preparations (Drug Delivery);China (CNIPA)
CN;A61K40;SHENYANG PHARMACEUTICAL UNIVERSITY;40;3;Medicinal Preparations (Drug Delivery);China (CNIPA)
CN;A61K40;SICHUAN UNIVERSITY;39;4;Medicinal Preparations (Drug Delivery);China (CNIPA)
CN;A61K40;INSTITUTE OF MATERIA MEDICA, CHINESE ACADEMY OF MEDICAL SCIENCES;35;5;Medicinal Preparations (Drug Delivery);China (CNIPA)
CN;A61K40;SHENZHEN CHIPSCREEN BIOSCIENCES CO., LTD.;30;6;Medicinal Preparations (Drug Delivery);China (CNIPA)
CN;A61K40;INSTITUTE OF MILITARY MEDICINE, ACADEMY OF MILITARY SCIENCES OF PLA;29;7;Medicinal Preparations (Drug Delivery);China (CNIPA)
CN;A61K40;WEST CHINA HOSPITAL, SICHUAN UNIVERSITY;29;7;Medicinal Preparations (Drug Delivery);China (CNIPA)
CN;A61K40;SHANDONG UNIVERSITY;28;8;Medicinal Preparations (Drug Delivery);China (CNIPA)
CN;A61K40;Fudan University;28;8;Medicinal Preparations (Drug Delivery);China (CNIPA)
CN;A61K40;ZHEJIANG UNIVERSITY;27;9;Medicinal Preparations (Drug Delivery);China (CNIPA)
CN;A61K40;GUANGDONG HEC PHARMACEUTICAL CO., LTD.;22;10;Medicinal Preparations (Drug Delivery);China (CNIPA)
CN;A61L;SICHUAN UNIVERSITY;502;1;Sterilisation, Disinfection;China (CNIPA)
CN;A61L;HAIER SMART HOME CO., LTD.;473;2;Sterilisation, Disinfection;China (CNIPA)
CN;A61L;NINGBO FOTILE KITCHEN WARE CO., LTD.;389;3;Sterilisation, Disinfection;China (CNIPA)
CN;A61L;ZHEJIANG UNIVERSITY;307;4;Sterilisation, Disinfection;China (CNIPA)
CN;A61L;JILIN UNIVERSITY;238;5;Sterilisation, Disinfection;China (CNIPA)
CN;A61L;SOUTH CHINA UNIVERSITY OF TECHNOLOGY;203;6;Sterilisation, Disinfection;China (CNIPA)
CN;A61L;SHANDONG SHINVA MEDICAL INSTRUMENT CO., LTD.;199;7;Sterilisation, Disinfection;China (CNIPA)
CN;A61L;GREE ELECTRIC APPLIANCES,INC.OF ZHUHAI;185;8;Sterilisation, Disinfection;China (CNIPA)
CN;A61L;THE FIRST AFFILIATED HOSPITAL OF ZHENGZHOU UNIVERSITY;184;9;Sterilisation, Disinfection;China (CNIPA)
CN;A61L;MIDEA GROUP CO., LTD.;169;10;Sterilisation, Disinfection;China (CNIPA)
CN;A61M;THE FIRST AFFILIATED HOSPITAL OF ZHENGZHOU UNIVERSITY;866;1;Devices for Introducing Media;China (CNIPA)
CN;A61M;ZHEJIANG UNIVERSITY;843;2;Devices for Introducing Media;China (CNIPA)
CN;A61M;WEST CHINA HOSPITAL, SICHUAN UNIVERSITY;817;3;Devices for Introducing Media;China (CNIPA)
CN;A61M;UNION HOSPITAL, TONGJI MEDICAL COLLAGE, HUAZHONG UNIVERSITY OF SCIENCE AND TECHNOLOGY;781;4;Devices for Introducing Media;China (CNIPA)
CN;A61M;BECTON, DICKINSON AND COMPANY;650;5;Devices for Introducing Media;China (CNIPA)
CN;A61M;THE FIRST HOSPITAL OF JILIN UNIVERSITY;577;6;Devices for Introducing Media;China (CNIPA)
CN;A61M;JILIN UNIVERSITY;548;7;Devices for Introducing Media;China (CNIPA)
CN;A61M;JIANGSU PROVINCE HOSPITAL (THE FIRST AFFILIATED HOSPITAL WITH NANJING MEDICAL UNIVERSITY);505;8;Devices for Introducing Media;China (CNIPA)
CN;A61M;THE SECOND AFFILIATED HOSPITAL, ARMY MEDICAL UNIVERSITY OF PLA;458;9;Devices for Introducing Media;China (CNIPA)
CN;A61M;AIR FORCE MEDICAL UNIVERSITY OF PLA;449;10;Devices for Introducing Media;China (CNIPA)
CN;A61N;SKG TECHNOLOGY CO., LTD.;491;1;Electrotherapy, Magnetotherapy;China (CNIPA)
CN;A61N;Shenzhen Accompany Tech Co., Ltd.;220;2;Electrotherapy, Magnetotherapy;China (CNIPA)
CN;A61N;HENAN XIANGYU MEDICAL EQUIPMENT CO., LTD.;203;3;Electrotherapy, Magnetotherapy;China (CNIPA)
CN;A61N;OUR UNITED CORP.;181;4;Electrotherapy, Magnetotherapy;China (CNIPA)
CN;A61N;FUTURE WEARING HEALTH TECHNOLOGY CO., LTD.;177;5;Electrotherapy, Magnetotherapy;China (CNIPA)
CN;A61N;MEDTRONIC, INC.;167;6;Electrotherapy, Magnetotherapy;China (CNIPA)
CN;A61N;HEYE HEALTH TECHNOLOGY CO., LTD.;161;7;Electrotherapy, Magnetotherapy;China (CNIPA)
CN;A61N;GUANGDONG HUAZHI BEAUTY TECHNOLOGY CO., LTD.;155;8;Electrotherapy, Magnetotherapy;China (CNIPA)
CN;A61N;SHANGHAI UNITED IMAGING HEALTHCARE CO., LTD.;144;9;Electrotherapy, Magnetotherapy;China (CNIPA)
CN;A61N;JIANGSU HEALTHY LIFE INNOVATION MEDICAL TECHNOLOGY CO., LTD.;116;10;Electrotherapy, Magnetotherapy;China (CNIPA)
CN;G16H;PING AN TECHNOLOGY (SHENZHEN) CO., LTD.;577;1;Healthcare Informatics;China (CNIPA)
CN;G16H;ZHEJIANG UNIVERSITY;382;2;Healthcare Informatics;China (CNIPA)
CN;G16H;WEST CHINA HOSPITAL, SICHUAN UNIVERSITY;319;3;Healthcare Informatics;China (CNIPA)
CN;G16H;KANGJIAN INFORMATION TECHNOLOGY (SHENZHEN) CO., LTD.;276;4;Healthcare Informatics;China (CNIPA)
CN;G16H;BEIJING JINGDONG TUOXIAN TECHNOLOGY CO., LTD.;224;5;Healthcare Informatics;China (CNIPA)
CN;G16H;SICHUAN UNIVERSITY;184;6;Healthcare Informatics;China (CNIPA)
CN;G16H;TENCENT TECHNOLOGY (SHENZHEN) CO., LTD.;180;7;Healthcare Informatics;China (CNIPA)
CN;G16H;TSINGHUA UNIVERSITY;178;8;Healthcare Informatics;China (CNIPA)
CN;G16H;PING AN INTERNATIONAL SMART CITY TECHNOLOGY CO., LTD.;176;9;Healthcare Informatics;China (CNIPA)
CN;G16H;SHANDONG UNIVERSITY;172;10;Healthcare Informatics;China (CNIPA)
CN;G16H;KONINKLIJKE PHILIPS N.V.;172;10;Healthcare Informatics;China (CNIPA)
CN;H05G;ASML NETHERLANDS B.V.;61;1;X-ray Technique;China (CNIPA)
CN;H05G;SUZHOU BOSIDE ELECTRIC CO., LTD.;31;2;X-ray Technique;China (CNIPA)
CN;H05G;SIEMENS HEALTHCARE GMBH;18;3;X-ray Technique;China (CNIPA)
CN;H05G;TSINGHUA UNIVERSITY;13;4;X-ray Technique;China (CNIPA)
CN;H05G;SHANGHAI UNITED IMAGING HEALTHCARE CO., LTD.;12;5;X-ray Technique;China (CNIPA)
CN;H05G;NUCTECH CO., LTD.;12;5;X-ray Technique;China (CNIPA)
CN;H05G;ASML荷兰有限公司;11;6;X-ray Technique;China (CNIPA)
CN;H05G;UNICOMP TECHNOLOGY CO., LTD.;11;6;X-ray Technique;China (CNIPA)
CN;H05G;KONINKLIJKE PHILIPS N.V.;10;7;X-ray Technique;China (CNIPA)
CN;H05G;HAMAMATSU PHOTONICS K.K.;9;8;X-ray Technique;China (CNIPA)
CN;H05G;HAINING JINGYI ELECTRONICS CO., LTD.;8;9;X-ray Technique;China (CNIPA)
CN;H05G;X-RAY VACUUM TECHNOLOGY (SUZHOU) CO., LTD.;8;9;X-ray Technique;China (CNIPA)
CN;H05G;Beijing Aili Technology Co., Ltd.;8;9;X-ray Technique;China (CNIPA)
CN;H05G;SIPAIMAN ELECTRONIC TECHNOLOGY (SUZHOU INDUSTRIAL PARK) CO., LTD.;8;9;X-ray Technique;China (CNIPA)
CN;H05G;ASML DUTCH CO., LTD.;8;9;X-ray Technique;China (CNIPA)
CN;H05G;INSTITUTE OF APPLIED ELECTRONICS, CHINA ACADEMY OF ENGINEERING PHYSICS;7;10;X-ray Technique;China (CNIPA)
DE;A61B;SIEMENS HEALTHCARE GMBH;545;1;Diagnosis, Surgery, Identification;Germany (DPMA)
DE;A61B;Karl Storz SE & Co. KG;282;2;Diagnosis, Surgery, Identification;Germany (DPMA)
DE;A61B;SIEMENS HEALTHINEERS AG;223;3;Diagnosis, Surgery, Identification;Germany (DPMA)
DE;A61B;CARL ZEISS MEDITEC AG;192;4;Diagnosis, Surgery, Identification;Germany (DPMA)
DE;A61B;OLYMPUS WINTER & IBE GMBH;183;5;Diagnosis, Surgery, Identification;Germany (DPMA)
DE;A61B;Aesculap AG;182;6;Diagnosis, Surgery, Identification;Germany (DPMA)
DE;A61B;Robert Bosch Gesellschaft mit beschränkter Haftung;108;7;Diagnosis, Surgery, Identification;Germany (DPMA)
DE;A61B;OMRON HEALTHCARE CO., LTD.;100;8;Diagnosis, Surgery, Identification;Germany (DPMA)
DE;A61B;KONINKLIJKE PHILIPS N.V.;86;9;Diagnosis, Surgery, Identification;Germany (DPMA)
DE;A61B;GYRUS ACMI, INC. D/B/A OLYMPUS SURGICAL TECHNOLOGIES AMERICA;84;10;Diagnosis, Surgery, Identification;Germany (DPMA)
DE;A61C;epitome GmbH;27;1;Dentistry, Oral Hygiene;Germany (DPMA)
DE;A61C;Kulzer GmbH;14;2;Dentistry, Oral Hygiene;Germany (DPMA)
DE;A61C;Ivoclar Vivadent AG;13;3;Dentistry, Oral Hygiene;Germany (DPMA)
DE;A61C;Aesculap AG;12;4;Dentistry, Oral Hygiene;Germany (DPMA)
DE;A61C;Zebris Medical GmbH;11;5;Dentistry, Oral Hygiene;Germany (DPMA)
DE;A61C;EXOCAD GMBH;10;6;Dentistry, Oral Hygiene;Germany (DPMA)
DE;A61C;KIEFER, INGE;8;7;Dentistry, Oral Hygiene;Germany (DPMA)
DE;A61C;MINEBEA MITSUMI INC.;7;8;Dentistry, Oral Hygiene;Germany (DPMA)
DE;A61C;FRAUNHOFER-GESELLSCHAFT ZUR FÖRDERUNG DER ANGEWANDTEN FORSCHUNG EINGETRAGENER VEREIN;6;9;Dentistry, Oral Hygiene;Germany (DPMA)
DE;A61C;MEDENTIS MEDICAL GMBH;5;10;Dentistry, Oral Hygiene;Germany (DPMA)
DE;A61C;Technische Universität Dresden, Körperschaft des öffentlichen Rechts;5;10;Dentistry, Oral Hygiene;Germany (DPMA)
DE;A61C;BEGO IMPLANT SYSTEMS GMBH & CO. KG;5;10;Dentistry, Oral Hygiene;Germany (DPMA)
DE;A61C;SHANGHAI SMARTEE DENTI-TECHNOLOGY CO., LTD.;5;10;Dentistry, Oral Hygiene;Germany (DPMA)
DE;A61F;CARL ZEISS MEDITEC AG;169;1;Filters, Protheses, Orthotics;Germany (DPMA)
DE;A61F;SCHWIND EYE-TECH-SOLUTIONS GMBH;103;2;Filters, Protheses, Orthotics;Germany (DPMA)
DE;A61F;OTTO BOCK HEALTHCARE PRODUCTS GMBH;61;3;Filters, Protheses, Orthotics;Germany (DPMA)
DE;A61F;Aesculap AG;60;4;Filters, Protheses, Orthotics;Germany (DPMA)
DE;A61F;OTTOBOCK SE & CO. KGAA;48;5;Filters, Protheses, Orthotics;Germany (DPMA)
DE;A61F;Acandis GmbH;28;6;Filters, Protheses, Orthotics;Germany (DPMA)
DE;A61F;Paul Hartmann AG;27;7;Filters, Protheses, Orthotics;Germany (DPMA)
DE;A61F;BIOTRONIK AG;24;8;Filters, Protheses, Orthotics;Germany (DPMA)
DE;A61F;Bauerfeind AG;19;9;Filters, Protheses, Orthotics;Germany (DPMA)
DE;A61F;FRAUNHOFER-GESELLSCHAFT ZUR FÖRDERUNG DER ANGEWANDTEN FORSCHUNG EINGETRAGENER VEREIN;15;10;Filters, Protheses, Orthotics;Germany (DPMA)
DE;A61G;SIEMENS HEALTHCARE GMBH;24;1;Transport, Personal Conveyances;Germany (DPMA)
DE;A61G;DIETZ GMBH;15;2;Transport, Personal Conveyances;Germany (DPMA)
DE;A61G;Volkswagen Aktiengesellschaft;14;3;Transport, Personal Conveyances;Germany (DPMA)
DE;A61G;SIEMENS HEALTHINEERS AG;13;4;Transport, Personal Conveyances;Germany (DPMA)
DE;A61G;Schaller, Manuela;10;5;Transport, Personal Conveyances;Germany (DPMA)
DE;A61G;DEWERTOKIN GMBH;10;5;Transport, Personal Conveyances;Germany (DPMA)
DE;A61G;Wilpers, Angelika;10;5;Transport, Personal Conveyances;Germany (DPMA)
DE;A61G;MAQUET GMBH;9;6;Transport, Personal Conveyances;Germany (DPMA)
DE;A61G;Hyundai Motor Company;9;6;Transport, Personal Conveyances;Germany (DPMA)
DE;A61G;Hellstern medical GmbH;9;6;Transport, Personal Conveyances;Germany (DPMA)
DE;A61G;Stollenwerk und Cie. Fabrik für Sanitätsausrüstungen Gesellschaft mit beschränkter Haftung;7;7;Transport, Personal Conveyances;Germany (DPMA)
DE;A61G;GM Global Technology Operations LLC;7;7;Transport, Personal Conveyances;Germany (DPMA)
DE;A61G;KIA CORPORATION;7;7;Transport, Personal Conveyances;Germany (DPMA)
DE;A61G;BROSE FAHRZEUGTEILE SE & CO. KOMMANDITGESELLSCHAFT, BAMBERG;6;8;Transport, Personal Conveyances;Germany (DPMA)
DE;A61G;Hermann Bock GmbH;6;8;Transport, Personal Conveyances;Germany (DPMA)
DE;A61G;OTTO BOCK MOBILITY SOLUTIONS GMBH;5;9;Transport, Personal Conveyances;Germany (DPMA)
DE;A61G;Toyota Jidosha Kabushiki Kaisha;5;9;Transport, Personal Conveyances;Germany (DPMA)
DE;A61G;ALBER GMBH;5;9;Transport, Personal Conveyances;Germany (DPMA)
DE;A61G;Ford Global Technologies, LLC;5;9;Transport, Personal Conveyances;Germany (DPMA)
DE;A61G;Optiplan Gesellschaft für optische Planungsgeräte mit beschränkter Haftung;5;9;Transport, Personal Conveyances;Germany (DPMA)
DE;A61G;Condor Medtec GmbH;5;9;Transport, Personal Conveyances;Germany (DPMA)
DE;A61G;AAT ALBER ANTRIEBSTECHNIK GMBH;5;9;Transport, Personal Conveyances;Germany (DPMA)
DE;A61G;HAWE HYDRAULIK SE;5;9;Transport, Personal Conveyances;Germany (DPMA)
DE;A61G;Robert Bosch Gesellschaft mit beschränkter Haftung;4;10;Transport, Personal Conveyances;Germany (DPMA)
DE;A61G;DE WERTH GROUP AG;4;10;Transport, Personal Conveyances;Germany (DPMA)
DE;A61G;SUNRISE MEDICAL GMBH;4;10;Transport, Personal Conveyances;Germany (DPMA)
DE;A61G;MINEBEA MITSUMI INC.;4;10;Transport, Personal Conveyances;Germany (DPMA)
DE;A61G;STIEGELMEYER GMBH & CO. KG;4;10;Transport, Personal Conveyances;Germany (DPMA)
DE;A61H;DIETZ GMBH;24;1;Physical Therapy Apparatus;Germany (DPMA)
DE;A61H;Mercedes-Benz Group AG;14;2;Physical Therapy Apparatus;Germany (DPMA)
DE;A61H;Volkswagen Aktiengesellschaft;12;3;Physical Therapy Apparatus;Germany (DPMA)
DE;A61H;Jtekt Corporation;7;4;Physical Therapy Apparatus;Germany (DPMA)
DE;A61H;WU, JUNPENG;7;4;Physical Therapy Apparatus;Germany (DPMA)
DE;A61H;OTTO BOCK HEALTHCARE PRODUCTS GMBH;7;4;Physical Therapy Apparatus;Germany (DPMA)
DE;A61H;REACTIVE ROBOTICS GMBH;6;5;Physical Therapy Apparatus;Germany (DPMA)
DE;A61H;Toyota Jidosha Kabushiki Kaisha;6;5;Physical Therapy Apparatus;Germany (DPMA)
DE;A61H;Gentherm Präzision SE;6;5;Physical Therapy Apparatus;Germany (DPMA)
DE;A61H;DRÄGERWERK AG & CO. KGAA;5;6;Physical Therapy Apparatus;Germany (DPMA)
DE;A61H;DAIMLER AG;5;6;Physical Therapy Apparatus;Germany (DPMA)
DE;A61H;Bayerische Motoren Werke Aktiengesellschaft;5;6;Physical Therapy Apparatus;Germany (DPMA)
DE;A61H;FUN FACTORY GMBH;4;7;Physical Therapy Apparatus;Germany (DPMA)
DE;A61H;LIEBSCHER-BRACHT, ROLAND;4;7;Physical Therapy Apparatus;Germany (DPMA)
DE;A61H;MERLAKU, KASTRIOT;4;7;Physical Therapy Apparatus;Germany (DPMA)
DE;A61H;STRAUSS, THOMAS;4;7;Physical Therapy Apparatus;Germany (DPMA)
DE;A61H;GALINKER, EDUARD;4;7;Physical Therapy Apparatus;Germany (DPMA)
DE;A61H;WEINMANN EMERGENCY MEDICAL TECHNOLOGY GMBH + CO. KG;4;7;Physical Therapy Apparatus;Germany (DPMA)
DE;A61H;HYTTO PTE. LTD.;3;8;Physical Therapy Apparatus;Germany (DPMA)
DE;A61H;The Second Hospital of Jiaxing;3;8;Physical Therapy Apparatus;Germany (DPMA)
DE;A61H;CtR Intellectual Property Co., Limited;3;8;Physical Therapy Apparatus;Germany (DPMA)
DE;A61H;Lear Corporation;3;8;Physical Therapy Apparatus;Germany (DPMA)
DE;A61H;MIKELSONS, YVES;3;8;Physical Therapy Apparatus;Germany (DPMA)
DE;A61H;TAIWAN OASIS TECHNOLOGY CO., LTD.;3;8;Physical Therapy Apparatus;Germany (DPMA)
DE;A61H;TANNHÄUSER, GUNTER;3;8;Physical Therapy Apparatus;Germany (DPMA)
DE;A61H;EIS GMBH;3;8;Physical Therapy Apparatus;Germany (DPMA)
DE;A61H;Hyundai Motor Company;3;8;Physical Therapy Apparatus;Germany (DPMA)
DE;A61H;Raak, Jürgen;3;8;Physical Therapy Apparatus;Germany (DPMA)
DE;A61H;LR HEALTH & BEAUTY SYSTEMS GMBH;3;8;Physical Therapy Apparatus;Germany (DPMA)
DE;A61H;Haass, Peter;3;8;Physical Therapy Apparatus;Germany (DPMA)
DE;A61H;TAIWAN OASIS TECHNOLOGY CO.,LTD.;3;8;Physical Therapy Apparatus;Germany (DPMA)
DE;A61H;WU, DONG-HER;3;8;Physical Therapy Apparatus;Germany (DPMA)
DE;A61H;fair2feet, Institut für Qualität und Zertifizierung UG (haftungsbeschränkt);2;9;Physical Therapy Apparatus;Germany (DPMA)
DE;A61H;DATHERA CONSUMER HEALTH GMBH;2;9;Physical Therapy Apparatus;Germany (DPMA)
DE;A61H;Löwenstein Medical Technology S.A.;2;9;Physical Therapy Apparatus;Germany (DPMA)
DE;A61H;OT Supply GmbH;2;9;Physical Therapy Apparatus;Germany (DPMA)
DE;A61H;FJORDBLINK MEDICAL APS;2;9;Physical Therapy Apparatus;Germany (DPMA)
DE;A61H;Rusche, Arno Gerhard;2;9;Physical Therapy Apparatus;Germany (DPMA)
DE;A61H;MEDLIGHT GMBH;2;9;Physical Therapy Apparatus;Germany (DPMA)
DE;A61H;HYUNDAI TRANSYS INC.;2;9;Physical Therapy Apparatus;Germany (DPMA)
DE;A61H;GBS German Bionic Systems GmbH;2;9;Physical Therapy Apparatus;Germany (DPMA)
DE;A61H;LIU, Po-Chan;2;9;Physical Therapy Apparatus;Germany (DPMA)
DE;A61H;MOSLER, LÜDER;2;9;Physical Therapy Apparatus;Germany (DPMA)
DE;A61H;Something High Electric (Xiamen) Company Inc.;2;9;Physical Therapy Apparatus;Germany (DPMA)
DE;A61H;UNIVERSITÄTSMEDIZIN DER JOHANNES GUTENBERG-UNIVERSITÄT MAINZ;2;9;Physical Therapy Apparatus;Germany (DPMA)
DE;A61H;Dongguan Mimao Electronic Technology Co., Ltd.;2;9;Physical Therapy Apparatus;Germany (DPMA)
DE;A61H;DÜRRSCHNABEL, Lutz;2;9;Physical Therapy Apparatus;Germany (DPMA)
DE;A61H;GROHE AG;2;9;Physical Therapy Apparatus;Germany (DPMA)
DE;A61H;Fit- & Wellness Concept GmbH;2;9;Physical Therapy Apparatus;Germany (DPMA)
DE;A61H;Storz Medical AG;2;9;Physical Therapy Apparatus;Germany (DPMA)
DE;A61H;FORSCHUNGSGEMEINSCHAFT WERKZEUGE und WERKSTOFFE E.V. FGW;2;9;Physical Therapy Apparatus;Germany (DPMA)
DE;A61H;Bert Wilden New Trends GmbH;2;9;Physical Therapy Apparatus;Germany (DPMA)
DE;A61H;BIBOTING INTERNATIONAL CO., LTD.;2;9;Physical Therapy Apparatus;Germany (DPMA)
DE;A61H;BIBOTING TRADING (SHANGHAI) CO., LTD;2;9;Physical Therapy Apparatus;Germany (DPMA)
DE;A61H;Fishman, Viktor;2;9;Physical Therapy Apparatus;Germany (DPMA)
DE;A61H;Grbic, Svetozar;2;9;Physical Therapy Apparatus;Germany (DPMA)
DE;A61H;Lahrmann, Klaus;2;9;Physical Therapy Apparatus;Germany (DPMA)
DE;A61H;CO12 GmbH;2;9;Physical Therapy Apparatus;Germany (DPMA)
DE;A61H;German Bionic Systems GmbH;2;9;Physical Therapy Apparatus;Germany (DPMA)
DE;A61H;Shenzhen Zhonghongtian Technology Co., Ltd.;2;9;Physical Therapy Apparatus;Germany (DPMA)
DE;A61H;Menger, Jörn;2;9;Physical Therapy Apparatus;Germany (DPMA)
DE;A61H;Brose Fahrzeugteile SE & Co. Kommanditgesellschaft, Coburg;2;9;Physical Therapy Apparatus;Germany (DPMA)
DE;A61H;STEETS GMBH;2;9;Physical Therapy Apparatus;Germany (DPMA)
DE;A61H;Alfmeier Präzision SE;2;9;Physical Therapy Apparatus;Germany (DPMA)
DE;A61H;HEMI GmbH;2;9;Physical Therapy Apparatus;Germany (DPMA)
DE;A61H;HOLSTEIN, REINHOLD;2;9;Physical Therapy Apparatus;Germany (DPMA)
DE;A61H;PLESON (HK) TECHNOLOGY LIMITED;2;9;Physical Therapy Apparatus;Germany (DPMA)
DE;A61H;KIA CORPORATION;2;9;Physical Therapy Apparatus;Germany (DPMA)
DE;A61H;BIBOTING INTERNATIONAL CO., LTD;2;9;Physical Therapy Apparatus;Germany (DPMA)
DE;A61H;Hu, Siyuan;2;9;Physical Therapy Apparatus;Germany (DPMA)
DE;A61H;Bauerfeind AG;2;9;Physical Therapy Apparatus;Germany (DPMA)
DE;A61H;Hölscher, Christopher;2;9;Physical Therapy Apparatus;Germany (DPMA)
DE;A61H;SIEMENS HEALTHCARE GMBH;1;10;Physical Therapy Apparatus;Germany (DPMA)
DE;A61H;Dongguan Qianhe Electronic Technology CO., LTD.;1;10;Physical Therapy Apparatus;Germany (DPMA)
DE;A61H;Bosnjak, Ivanka;1;10;Physical Therapy Apparatus;Germany (DPMA)
DE;A61H;Bach, Harald;1;10;Physical Therapy Apparatus;Germany (DPMA)
DE;A61H;GAO, Run Ze;1;10;Physical Therapy Apparatus;Germany (DPMA)
DE;A61H;VIBR. GMBH;1;10;Physical Therapy Apparatus;Germany (DPMA)
DE;A61H;DCC TECHNOLOGY CO., LTD.;1;10;Physical Therapy Apparatus;Germany (DPMA)
DE;A61H;SCHMITT, THOMAS;1;10;Physical Therapy Apparatus;Germany (DPMA)
DE;A61H;ZOUHRI, AISSA;1;10;Physical Therapy Apparatus;Germany (DPMA)
DE;A61H;HAMILTON MEDICAL AG;1;10;Physical Therapy Apparatus;Germany (DPMA)
DE;A61H;Lütfrink, Mike;1;10;Physical Therapy Apparatus;Germany (DPMA)
DE;A61H;SPANSET INTER AG;1;10;Physical Therapy Apparatus;Germany (DPMA)
DE;A61H;Anton Reck e.K.;1;10;Physical Therapy Apparatus;Germany (DPMA)
DE;A61H;Halfbrodt, Fred;1;10;Physical Therapy Apparatus;Germany (DPMA)
DE;A61H;becorp GmbH;1;10;Physical Therapy Apparatus;Germany (DPMA)
DE;A61H;Rickert, Marcus;1;10;Physical Therapy Apparatus;Germany (DPMA)
DE;A61H;Malke, Florian;1;10;Physical Therapy Apparatus;Germany (DPMA)
DE;A61H;HYBRID REALITY GMBH;1;10;Physical Therapy Apparatus;Germany (DPMA)
DE;A61H;DING, LI;1;10;Physical Therapy Apparatus;Germany (DPMA)
DE;A61H;Vaishnav, Prashant;1;10;Physical Therapy Apparatus;Germany (DPMA)
DE;A61H;Joksimovic, Zoran;1;10;Physical Therapy Apparatus;Germany (DPMA)
DE;A61H;Nanjing Ruixiang Information Technology Co., Ltd.;1;10;Physical Therapy Apparatus;Germany (DPMA)
DE;A61H;TANRIVERDI, RASIT;1;10;Physical Therapy Apparatus;Germany (DPMA)
DE;A61H;PREISLER, BENEDIKT;1;10;Physical Therapy Apparatus;Germany (DPMA)
DE;A61H;Sollux Lighting SP.J.;1;10;Physical Therapy Apparatus;Germany (DPMA)
DE;A61H;Akula, Bernhard;1;10;Physical Therapy Apparatus;Germany (DPMA)
DE;A61H;Möhring- von Kuhlberg, Nicola;1;10;Physical Therapy Apparatus;Germany (DPMA)
DE;A61H;Kaiser, Franz Josef;1;10;Physical Therapy Apparatus;Germany (DPMA)
DE;A61H;IREST HEALTH SCIENCE AND TECHNOLOGY CO., LTD;1;10;Physical Therapy Apparatus;Germany (DPMA)
DE;A61H;Toyota Boshoku Kabushiki Kaisha;1;10;Physical Therapy Apparatus;Germany (DPMA)
DE;A61H;Hemovent GmbH;1;10;Physical Therapy Apparatus;Germany (DPMA)
DE;A61H;Armadillion GmbH;1;10;Physical Therapy Apparatus;Germany (DPMA)
DE;A61H;Hillmann, Tobias;1;10;Physical Therapy Apparatus;Germany (DPMA)
DE;A61H;GOTTSCHALK, HELMUT;1;10;Physical Therapy Apparatus;Germany (DPMA)
DE;A61H;MEDICA - MEDIZINTECHNIK GMBH;1;10;Physical Therapy Apparatus;Germany (DPMA)
DE;A61H;Schwarz, Christian Georg;1;10;Physical Therapy Apparatus;Germany (DPMA)
DE;A61H;Langfang Golden Time Technology Development Co., Ltd.;1;10;Physical Therapy Apparatus;Germany (DPMA)
DE;A61H;SHENZHEN AIFAN TECHNOLOGY CO. LTD;1;10;Physical Therapy Apparatus;Germany (DPMA)
DE;A61H;Beiersdorf Aktiengesellschaft;1;10;Physical Therapy Apparatus;Germany (DPMA)
DE;A61H;SYNTELLIX AG;1;10;Physical Therapy Apparatus;Germany (DPMA)
DE;A61H;BEER, KLAUS-PETER;1;10;Physical Therapy Apparatus;Germany (DPMA)
DE;A61H;BORCHARDT, NORMAN;1;10;Physical Therapy Apparatus;Germany (DPMA)
DE;A61H;Expandum UG (haftungsbeschränkt);1;10;Physical Therapy Apparatus;Germany (DPMA)
DE;A61H;WACKER, CHRISTIAN;1;10;Physical Therapy Apparatus;Germany (DPMA)
DE;A61H;SCHÄFER, WOLFGANG;1;10;Physical Therapy Apparatus;Germany (DPMA)
DE;A61H;Hello Mirrors GmbH;1;10;Physical Therapy Apparatus;Germany (DPMA)
DE;A61H;TISCHLER, MICHAEL;1;10;Physical Therapy Apparatus;Germany (DPMA)
DE;A61H;MÖLLER, FRANK;1;10;Physical Therapy Apparatus;Germany (DPMA)
DE;A61H;Venegas Carreno und Vayda GbR (vertretrungsberechtigte Gesellschafter: Daniela Carolina Venegas Carreno, 81373 München und Philippe Giacomo Vayda, 81243 München);1;10;Physical Therapy Apparatus;Germany (DPMA)
DE;A61H;Nobel, Yannic;1;10;Physical Therapy Apparatus;Germany (DPMA)
DE;A61H;HKK BIONICS GMBH;1;10;Physical Therapy Apparatus;Germany (DPMA)
DE;A61H;Chronos M GmbH;1;10;Physical Therapy Apparatus;Germany (DPMA)
DE;A61H;Beijing Baimei Fashion Technology Co., Ltd.;1;10;Physical Therapy Apparatus;Germany (DPMA)
DE;A61H;Ball, Thomas;1;10;Physical Therapy Apparatus;Germany (DPMA)
DE;A61H;Raav, Tim Bendik;1;10;Physical Therapy Apparatus;Germany (DPMA)
DE;A61H;CT-Continental Ticking GmbH;1;10;Physical Therapy Apparatus;Germany (DPMA)
DE;A61H;Jahwa Electronics Co., Ltd.;1;10;Physical Therapy Apparatus;Germany (DPMA)
DE;A61H;Universidad Bernardo O´Higgins;1;10;Physical Therapy Apparatus;Germany (DPMA)
DE;A61H;Soletek GmbH;1;10;Physical Therapy Apparatus;Germany (DPMA)
DE;A61H;NAUMANN, STEFAN;1;10;Physical Therapy Apparatus;Germany (DPMA)
DE;A61H;Wagner, Joseph;1;10;Physical Therapy Apparatus;Germany (DPMA)
DE;A61H;MENZEL, STEFFEN;1;10;Physical Therapy Apparatus;Germany (DPMA)
DE;A61H;Vallon, Peter;1;10;Physical Therapy Apparatus;Germany (DPMA)
DE;A61H;Klafs GmbH;1;10;Physical Therapy Apparatus;Germany (DPMA)
DE;A61H;Brinkmann, Günter;1;10;Physical Therapy Apparatus;Germany (DPMA)
DE;A61H;RUIDUO (SHANGHAI) INTELLIGENT TECHNOLOGY CO., LTD.;1;10;Physical Therapy Apparatus;Germany (DPMA)
DE;A61H;SPANKE, FRANZ;1;10;Physical Therapy Apparatus;Germany (DPMA)
DE;A61H;Continental Teves AG & Co. OHG;1;10;Physical Therapy Apparatus;Germany (DPMA)
DE;A61H;FR Vermögensverwaltung GbR (vertretunsberechtigte Gesellschafter: Franziska Michl, 95679 Waldershof, Raimund Hoffmann, 95632 Wunsiedel);1;10;Physical Therapy Apparatus;Germany (DPMA)
DE;A61H;Kieserling, Horst;1;10;Physical Therapy Apparatus;Germany (DPMA)
DE;A61H;FLOW-METER S.P.A.;1;10;Physical Therapy Apparatus;Germany (DPMA)
DE;A61H;AMAZON TECHNOLOGIES, INC.;1;10;Physical Therapy Apparatus;Germany (DPMA)
DE;A61H;Norwig, Jan;1;10;Physical Therapy Apparatus;Germany (DPMA)
DE;A61H;Hornaff, Klaus Volkmar;1;10;Physical Therapy Apparatus;Germany (DPMA)
DE;A61H;Aldakkak, Samuel Jochen;1;10;Physical Therapy Apparatus;Germany (DPMA)
DE;A61H;BECKER, JAN;1;10;Physical Therapy Apparatus;Germany (DPMA)
DE;A61H;SHENZHEN UNION CARGO INTERNATIONAL FORWARDER CO., LTD;1;10;Physical Therapy Apparatus;Germany (DPMA)
DE;A61H;Gebauer, Thorsten;1;10;Physical Therapy Apparatus;Germany (DPMA)
DE;A61H;Suzuki Motor Corporation;1;10;Physical Therapy Apparatus;Germany (DPMA)
DE;A61H;Shenzhen Burn Technology Co. Ltd;1;10;Physical Therapy Apparatus;Germany (DPMA)
DE;A61H;Grambow, Christine;1;10;Physical Therapy Apparatus;Germany (DPMA)
DE;A61H;Holzbrecher, Elisabeth;1;10;Physical Therapy Apparatus;Germany (DPMA)
DE;A61H;CONTINENTAL ENGINEERING SERVICES GMBH;1;10;Physical Therapy Apparatus;Germany (DPMA)
DE;A61H;KHACHATRYAN, VAGARCHAK;1;10;Physical Therapy Apparatus;Germany (DPMA)
DE;A61H;OTTOBOCK SE & CO. KGAA;1;10;Physical Therapy Apparatus;Germany (DPMA)
DE;A61H;Chen, Wenjun;1;10;Physical Therapy Apparatus;Germany (DPMA)
DE;A61H;Simon Schuß und Dominik Hogen GbR -Pawsthesis (vertretungsberechtigter Gesellschafter: Simon Schuß, 86316 Friedberg);1;10;Physical Therapy Apparatus;Germany (DPMA)
DE;A61H;Ippen, Markus;1;10;Physical Therapy Apparatus;Germany (DPMA)
DE;A61H;Mao, Henry Hengrui;1;10;Physical Therapy Apparatus;Germany (DPMA)
DE;A61H;Giesecke, Rolf;1;10;Physical Therapy Apparatus;Germany (DPMA)
DE;A61H;LANGE, SASCHA;1;10;Physical Therapy Apparatus;Germany (DPMA)
DE;A61H;TECHNISCHE UNIVERSITÄT CHEMNITZ;1;10;Physical Therapy Apparatus;Germany (DPMA)
DE;A61H;TSAI, PEI-LIN;1;10;Physical Therapy Apparatus;Germany (DPMA)
DE;A61H;DELGADO VARGAS, KATHERINE;1;10;Physical Therapy Apparatus;Germany (DPMA)
DE;A61H;NOZ Leipzig Forschung Technik GbR (vertretungsberechtigter Gesellschafter: Stefan Srugies, 04838 Doberschütz);1;10;Physical Therapy Apparatus;Germany (DPMA)
DE;A61H;Weingand, Benedikt;1;10;Physical Therapy Apparatus;Germany (DPMA)
DE;A61H;Dongguan Aisi Health Products Co., Ltd.;1;10;Physical Therapy Apparatus;Germany (DPMA)
DE;A61H;Bischofs, Iris;1;10;Physical Therapy Apparatus;Germany (DPMA)
DE;A61H;Chen, Mengfei;1;10;Physical Therapy Apparatus;Germany (DPMA)
DE;A61H;Förster Kunststofftechnik GmbH;1;10;Physical Therapy Apparatus;Germany (DPMA)
DE;A61H;SCHLAGHECK, JULIAN;1;10;Physical Therapy Apparatus;Germany (DPMA)
DE;A61H;Innovative Orthopedic Technologies IOT AG;1;10;Physical Therapy Apparatus;Germany (DPMA)
DE;A61H;SCHOLZ, HEIKO;1;10;Physical Therapy Apparatus;Germany (DPMA)
DE;A61H;HAUER, ARNDT;1;10;Physical Therapy Apparatus;Germany (DPMA)
DE;A61H;Neuhausen, Claudia;1;10;Physical Therapy Apparatus;Germany (DPMA)
DE;A61H;Edwin Arnold e.K.;1;10;Physical Therapy Apparatus;Germany (DPMA)
DE;A61H;Shenzhen Svakom Technology Co., Ltd.;1;10;Physical Therapy Apparatus;Germany (DPMA)
DE;A61H;KUMAR, SANJAY;1;10;Physical Therapy Apparatus;Germany (DPMA)
DE;A61H;UPRETI, KAMAL;1;10;Physical Therapy Apparatus;Germany (DPMA)
DE;A61H;PALBI Studios LLC;1;10;Physical Therapy Apparatus;Germany (DPMA)
DE;A61H;Muthesius Kunsthochschule, Körperschaft des öffentlichen Rechts;1;10;Physical Therapy Apparatus;Germany (DPMA)
DE;A61H;Spa Natural GmbH & Co. KG;1;10;Physical Therapy Apparatus;Germany (DPMA)
DE;A61H;İSTANBUL GELİŞİM ÜNİVERSİTESİ;1;10;Physical Therapy Apparatus;Germany (DPMA)
DE;A61H;Orthopädietechnik Ferdinand Koenen GmbH & Co. KG;1;10;Physical Therapy Apparatus;Germany (DPMA)
DE;A61H;PÄSSLER, MICHAEL;1;10;Physical Therapy Apparatus;Germany (DPMA)
DE;A61H;Frederik Hauke & Felix Möller digitale Medizintechnik GbR (vertretungsberechtigte Gesellschafter: Frederik Hauke, 40589 Düsseldorf und Felix Möller, 56179 Vallendar);1;10;Physical Therapy Apparatus;Germany (DPMA)
DE;A61H;SIKOJEV, JURIJ;1;10;Physical Therapy Apparatus;Germany (DPMA)
DE;A61H;FALKE KGAA;1;10;Physical Therapy Apparatus;Germany (DPMA)
DE;A61H;SEMIFLOW MEDICAL GMBH;1;10;Physical Therapy Apparatus;Germany (DPMA)
DE;A61H;MÜLLER, ALEXANDER;1;10;Physical Therapy Apparatus;Germany (DPMA)
DE;A61H;ease GmbH;1;10;Physical Therapy Apparatus;Germany (DPMA)
DE;A61H;Prof. Dr. Fischer AG;1;10;Physical Therapy Apparatus;Germany (DPMA)
DE;A61H;Faurecia Autositze GmbH;1;10;Physical Therapy Apparatus;Germany (DPMA)
DE;A61H;MOTION LIB, INC.;1;10;Physical Therapy Apparatus;Germany (DPMA)
DE;A61H;Flores Mardones, Nicolás Felipe;1;10;Physical Therapy Apparatus;Germany (DPMA)
DE;A61H;THIRD WAVE THERAPEUTICS, INC.;1;10;Physical Therapy Apparatus;Germany (DPMA)
DE;A61H;ZAMATSLEEP INC.;1;10;Physical Therapy Apparatus;Germany (DPMA)
DE;A61H;Jain, Dhyanendra;1;10;Physical Therapy Apparatus;Germany (DPMA)
DE;A61H;YAN, BO;1;10;Physical Therapy Apparatus;Germany (DPMA)
DE;A61H;Herfort, Christopher;1;10;Physical Therapy Apparatus;Germany (DPMA)
DE;A61H;FOXXMED LTD.;1;10;Physical Therapy Apparatus;Germany (DPMA)
DE;A61H;Roth, Maximilian;1;10;Physical Therapy Apparatus;Germany (DPMA)
DE;A61H;DEUTSCHES ZENTRUM FÜR LUFT- UND RAUMFAHRT E.V.;1;10;Physical Therapy Apparatus;Germany (DPMA)
DE;A61H;Krapf, Peter;1;10;Physical Therapy Apparatus;Germany (DPMA)
DE;A61H;König-Greiling, Helga;1;10;Physical Therapy Apparatus;Germany (DPMA)
DE;A61H;Viset SRL;1;10;Physical Therapy Apparatus;Germany (DPMA)
DE;A61H;Weiß, Rupert;1;10;Physical Therapy Apparatus;Germany (DPMA)
DE;A61H;Gasiorowski, Ewa Kinga;1;10;Physical Therapy Apparatus;Germany (DPMA)
DE;A61H;"Loskill/Naderi GbR (vertretungsberechtigte Gesellschafter: Dr. Joachim Loskill, 53111 Bonn; Bastian Naderi, 51143 Köln)";1;10;Physical Therapy Apparatus;Germany (DPMA)
DE;A61H;Omidvar, Darius;1;10;Physical Therapy Apparatus;Germany (DPMA)
DE;A61H;Keio University;1;10;Physical Therapy Apparatus;Germany (DPMA)
DE;A61H;Tonis, Frederik;1;10;Physical Therapy Apparatus;Germany (DPMA)
DE;A61H;Sahu, Domendra;1;10;Physical Therapy Apparatus;Germany (DPMA)
DE;A61H;Kaluza, Nicole;1;10;Physical Therapy Apparatus;Germany (DPMA)
DE;A61H;Sander, Katja Jeanette;1;10;Physical Therapy Apparatus;Germany (DPMA)
DE;A61H;Alhamwi, Azhar;1;10;Physical Therapy Apparatus;Germany (DPMA)
DE;A61H;Klapp, Oliver;1;10;Physical Therapy Apparatus;Germany (DPMA)
DE;A61H;spektramed gmbh;1;10;Physical Therapy Apparatus;Germany (DPMA)
DE;A61H;Mehan, Vineet;1;10;Physical Therapy Apparatus;Germany (DPMA)
DE;A61H;Muthesius Kunsthochschule;1;10;Physical Therapy Apparatus;Germany (DPMA)
DE;A61H;STARKE, OLAF;1;10;Physical Therapy Apparatus;Germany (DPMA)
DE;A61H;Baumbach, Karolina Bogumila;1;10;Physical Therapy Apparatus;Germany (DPMA)
DE;A61H;SUNRISE MEDICAL GMBH;1;10;Physical Therapy Apparatus;Germany (DPMA)
DE;A61H;AUDI AKTIENGESELLSCHAFT;1;10;Physical Therapy Apparatus;Germany (DPMA)
DE;A61H;Wang, David Yangkung;1;10;Physical Therapy Apparatus;Germany (DPMA)
DE;A61H;Heuer-Diakow, Sabrina;1;10;Physical Therapy Apparatus;Germany (DPMA)
DE;A61H;SCHUCHMANN GMBH & CO. KG;1;10;Physical Therapy Apparatus;Germany (DPMA)
DE;A61H;Haslberger, Wolfgang;1;10;Physical Therapy Apparatus;Germany (DPMA)
DE;A61H;PEDANOV, VLADIMIR;1;10;Physical Therapy Apparatus;Germany (DPMA)
DE;A61H;FÖRSTER, MICHAEL;1;10;Physical Therapy Apparatus;Germany (DPMA)
DE;A61H;STEIDLE, MARKUS;1;10;Physical Therapy Apparatus;Germany (DPMA)
DE;A61H;Fabritz, Natalija;1;10;Physical Therapy Apparatus;Germany (DPMA)
DE;A61H;KRAL, ROLAND;1;10;Physical Therapy Apparatus;Germany (DPMA)
DE;A61H;Nebel Krenz Holding GmbH;1;10;Physical Therapy Apparatus;Germany (DPMA)
DE;A61H;Münch, Georg;1;10;Physical Therapy Apparatus;Germany (DPMA)
DE;A61H;Habi, Lahalo;1;10;Physical Therapy Apparatus;Germany (DPMA)
DE;A61H;MEY CHAIR SYSTEMS GMBH;1;10;Physical Therapy Apparatus;Germany (DPMA)
DE;A61H;Winter, Jan Niclas;1;10;Physical Therapy Apparatus;Germany (DPMA)
DE;A61H;OVERATH GMBH;1;10;Physical Therapy Apparatus;Germany (DPMA)
DE;A61H;HTWK Leipzig Hochschule für Technik, Wirtschaft und Kultur Leipzig, Körperschaft des öffentlichen Rechts;1;10;Physical Therapy Apparatus;Germany (DPMA)
DE;A61H;CHOW, Ji Min;1;10;Physical Therapy Apparatus;Germany (DPMA)
DE;A61H;RADERMACHER, KLAUS;1;10;Physical Therapy Apparatus;Germany (DPMA)
DE;A61H;Savel'ev, Boris Sergeevich;1;10;Physical Therapy Apparatus;Germany (DPMA)
DE;A61H;ZHANG, LING;1;10;Physical Therapy Apparatus;Germany (DPMA)
DE;A61H;Guangzhou Heimak Science & Technology Inc.;1;10;Physical Therapy Apparatus;Germany (DPMA)
DE;A61H;DIKUR GmbH;1;10;Physical Therapy Apparatus;Germany (DPMA)
DE;A61H;HOCHSCHULE RUHR WEST;1;10;Physical Therapy Apparatus;Germany (DPMA)
DE;A61H;Gebrüder Frei GmbH. & Co. KG;1;10;Physical Therapy Apparatus;Germany (DPMA)
DE;A61H;Shenzhen cloud access information Technical service Co.,Ltd;1;10;Physical Therapy Apparatus;Germany (DPMA)
DE;A61H;Sportwerkstatt GmbH;1;10;Physical Therapy Apparatus;Germany (DPMA)
DE;A61H;Gerards Gourmet Schweiz GmbH;1;10;Physical Therapy Apparatus;Germany (DPMA)
DE;A61H;Marowski, Friedbert;1;10;Physical Therapy Apparatus;Germany (DPMA)
DE;A61H;RelaxBogen GmbH;1;10;Physical Therapy Apparatus;Germany (DPMA)
DE;A61H;Kügler, Anna;1;10;Physical Therapy Apparatus;Germany (DPMA)
DE;A61H;Xiamen Emoka Health Science & Technology Co., Ltd.;1;10;Physical Therapy Apparatus;Germany (DPMA)
DE;A61H;UNBESCHEIDEN GMBH;1;10;Physical Therapy Apparatus;Germany (DPMA)
DE;A61H;BIELEFELD, THILO-MATHIAS;1;10;Physical Therapy Apparatus;Germany (DPMA)
DE;A61H;Fernández-Munoz, César;1;10;Physical Therapy Apparatus;Germany (DPMA)
DE;A61H;ARABIN, BIRGIT;1;10;Physical Therapy Apparatus;Germany (DPMA)
DE;A61H;Siebold, Dagmar;1;10;Physical Therapy Apparatus;Germany (DPMA)
DE;A61H;Garbacz, Alina;1;10;Physical Therapy Apparatus;Germany (DPMA)
DE;A61H;Wappler, Uwe;1;10;Physical Therapy Apparatus;Germany (DPMA)
DE;A61H;Artz, Paul;1;10;Physical Therapy Apparatus;Germany (DPMA)
DE;A61H;KLAFS GMBH & CO. KG;1;10;Physical Therapy Apparatus;Germany (DPMA)
DE;A61H;Minke, Alexander;1;10;Physical Therapy Apparatus;Germany (DPMA)
DE;A61H;Kreische, Jan;1;10;Physical Therapy Apparatus;Germany (DPMA)
DE;A61H;Lück, Marco;1;10;Physical Therapy Apparatus;Germany (DPMA)
DE;A61H;Dr. Ing. h.c. F. Porsche Aktiengesellschaft;1;10;Physical Therapy Apparatus;Germany (DPMA)
DE;A61H;Fachtner, Marvin;1;10;Physical Therapy Apparatus;Germany (DPMA)
DE;A61H;Bader, Monika;1;10;Physical Therapy Apparatus;Germany (DPMA)
DE;A61H;GUPTA, PRATEEK;1;10;Physical Therapy Apparatus;Germany (DPMA)
DE;A61H;YROBOT (SUZHOU) CO., LTD.;1;10;Physical Therapy Apparatus;Germany (DPMA)
DE;A61H;KAISER, MATHIAS;1;10;Physical Therapy Apparatus;Germany (DPMA)
DE;A61H;LOOCK, Cordula;1;10;Physical Therapy Apparatus;Germany (DPMA)
DE;A61H;EHMANN & PARTNER GMBH;1;10;Physical Therapy Apparatus;Germany (DPMA)
DE;A61H;EDELWEISS BASICS GMBH & CO. KG;1;10;Physical Therapy Apparatus;Germany (DPMA)
DE;A61H;T & T Trading UG (haftungsbeschränkt);1;10;Physical Therapy Apparatus;Germany (DPMA)
DE;A61H;Göllner, Natali;1;10;Physical Therapy Apparatus;Germany (DPMA)
DE;A61H;Unnerstall, Karin;1;10;Physical Therapy Apparatus;Germany (DPMA)
DE;A61H;Karalus, Sabine;1;10;Physical Therapy Apparatus;Germany (DPMA)
DE;A61H;Lam, Le Hung;1;10;Physical Therapy Apparatus;Germany (DPMA)
DE;A61H;Aukey Technology Co.,Ltd;1;10;Physical Therapy Apparatus;Germany (DPMA)
DE;A61H;L & R Kältetechnik GmbH & Co. KG;1;10;Physical Therapy Apparatus;Germany (DPMA)
DE;A61H;KRAUTER, GÜNTER;1;10;Physical Therapy Apparatus;Germany (DPMA)
DE;A61H;Medelnik, Doris Kerstin;1;10;Physical Therapy Apparatus;Germany (DPMA)
DE;A61H;Kohberg, Josua;1;10;Physical Therapy Apparatus;Germany (DPMA)
DE;A61H;SINGH, PRASHANT;1;10;Physical Therapy Apparatus;Germany (DPMA)
DE;A61H;KARIBU HOLZTECHNIK GMBH;1;10;Physical Therapy Apparatus;Germany (DPMA)
DE;A61H;Plenamed Pte. Ltd.;1;10;Physical Therapy Apparatus;Germany (DPMA)
DE;A61H;Geister, Gilbert;1;10;Physical Therapy Apparatus;Germany (DPMA)
DE;A61H;Dr. Akhilesh Das Gupta Institute of Technology & Management;1;10;Physical Therapy Apparatus;Germany (DPMA)
DE;A61H;Sazegar-Kühl, Ehsan;1;10;Physical Therapy Apparatus;Germany (DPMA)
DE;A61H;Ruff, Claudio;1;10;Physical Therapy Apparatus;Germany (DPMA)
DE;A61H;Richard Wolf GmbH;1;10;Physical Therapy Apparatus;Germany (DPMA)
DE;A61H;Fouquet, Alexander;1;10;Physical Therapy Apparatus;Germany (DPMA)
DE;A61H;Kumari, Amrita;1;10;Physical Therapy Apparatus;Germany (DPMA)
DE;A61H;KUKA Deutschland GmbH;1;10;Physical Therapy Apparatus;Germany (DPMA)
DE;A61H;GUPTA, Sachin Kumar;1;10;Physical Therapy Apparatus;Germany (DPMA)
DE;A61H;Wenker, Larissa;1;10;Physical Therapy Apparatus;Germany (DPMA)
DE;A61H;AllMates GmbH;1;10;Physical Therapy Apparatus;Germany (DPMA)
DE;A61H;Shenzhenshi Weiweima Technology Co., Ltd.;1;10;Physical Therapy Apparatus;Germany (DPMA)
DE;A61H;Schmidt, Dieter;1;10;Physical Therapy Apparatus;Germany (DPMA)
DE;A61H;MOONBIRD BV;1;10;Physical Therapy Apparatus;Germany (DPMA)
DE;A61H;AI Video Analysis B.V.;1;10;Physical Therapy Apparatus;Germany (DPMA)
DE;A61H;LIN, LU;1;10;Physical Therapy Apparatus;Germany (DPMA)
DE;A61H;PHYSIOTHERM HOLDING GMBH;1;10;Physical Therapy Apparatus;Germany (DPMA)
DE;A61H;Moshe, Ein-Gal;1;10;Physical Therapy Apparatus;Germany (DPMA)
DE;A61H;Hiwin Technologies Corp.;1;10;Physical Therapy Apparatus;Germany (DPMA)
DE;A61H;ZHAO, QUAN;1;10;Physical Therapy Apparatus;Germany (DPMA)
DE;A61H;Molina Larrain, Nicolás Felipe Andrés;1;10;Physical Therapy Apparatus;Germany (DPMA)
DE;A61H;Tohoku University;1;10;Physical Therapy Apparatus;Germany (DPMA)
DE;A61H;ALFRED-WEGENER-INSTITUT, HELMHOLTZ-ZENTRUM FÜR POLAR- UND MEERESFORSCHUNG;1;10;Physical Therapy Apparatus;Germany (DPMA)
DE;A61H;curetec GmbH;1;10;Physical Therapy Apparatus;Germany (DPMA)
DE;A61H;Huang, Man;1;10;Physical Therapy Apparatus;Germany (DPMA)
DE;A61H;Zhongshan QUNN Medical Equipment Co., Ltd;1;10;Physical Therapy Apparatus;Germany (DPMA)
DE;A61H;Lemonidis, Ioannis;1;10;Physical Therapy Apparatus;Germany (DPMA)
DE;A61H;Sikojev, Jurij Iljitsch;1;10;Physical Therapy Apparatus;Germany (DPMA)
DE;A61H;KORNEMANN, KURT;1;10;Physical Therapy Apparatus;Germany (DPMA)
DE;A61H;SROKA, PETER-CHRISTIAN;1;10;Physical Therapy Apparatus;Germany (DPMA)
DE;A61H;KUMAR, MANOJ;1;10;Physical Therapy Apparatus;Germany (DPMA)
DE;A61H;Grebe, Hermann von;1;10;Physical Therapy Apparatus;Germany (DPMA)
DE;A61H;KURPERLE GMBH;1;10;Physical Therapy Apparatus;Germany (DPMA)
DE;A61H;CARL ZEISS MEDITEC AG;1;10;Physical Therapy Apparatus;Germany (DPMA)
DE;A61H;Jürgens, Manfred;1;10;Physical Therapy Apparatus;Germany (DPMA)
DE;A61H;Doron Doroftei, Paul;1;10;Physical Therapy Apparatus;Germany (DPMA)
DE;A61H;TOYOTA MOTOR ENGINEERING & MANUFACTURING NORTH AMERICA, INC.;1;10;Physical Therapy Apparatus;Germany (DPMA)
DE;A61H;HESS, MARKUS;1;10;Physical Therapy Apparatus;Germany (DPMA)
DE;A61H;SIEDENBIEDEL, RALF;1;10;Physical Therapy Apparatus;Germany (DPMA)
DE;A61H;REININGER, THOMAS;1;10;Physical Therapy Apparatus;Germany (DPMA)
DE;A61H;Dongguan AISI Health Care Product Co., Ltd.;1;10;Physical Therapy Apparatus;Germany (DPMA)
DE;A61H;Leng, Xingyu;1;10;Physical Therapy Apparatus;Germany (DPMA)
DE;A61H;ODECO LTD.;1;10;Physical Therapy Apparatus;Germany (DPMA)
DE;A61H;Universität Paderborn Körperschaft des Öffentlichen Rechts;1;10;Physical Therapy Apparatus;Germany (DPMA)
DE;A61H;RAU, SIEGFRIED;1;10;Physical Therapy Apparatus;Germany (DPMA)
DE;A61H;Hötzinger, Rita;1;10;Physical Therapy Apparatus;Germany (DPMA)
DE;A61H;BELY Balance GmbH & Co. KG;1;10;Physical Therapy Apparatus;Germany (DPMA)
DE;A61H;REN, CAROLYN LIQING;1;10;Physical Therapy Apparatus;Germany (DPMA)
DE;A61H;Mosler Stuntebeck Müller GbR (vertretungsberechtigte Gesellschafter: Dr. Lüder Mosler, 37115 Duderstadt, Dr. André Müller, 37115 Duderstadt, Dipl. Des. Tobias Stuntebeck, 30167 Hannover);1;10;Physical Therapy Apparatus;Germany (DPMA)
DE;A61H;HANNING ELEKTRO-WERKE GMBH & CO. KG;1;10;Physical Therapy Apparatus;Germany (DPMA)
DE;A61H;Kia Motors Corporation;1;10;Physical Therapy Apparatus;Germany (DPMA)
DE;A61H;JUPITER LIMITED LIABILITY COMPANY;1;10;Physical Therapy Apparatus;Germany (DPMA)
DE;A61H;El Kattan, Ali;1;10;Physical Therapy Apparatus;Germany (DPMA)
DE;A61H;MARTIM UG (haftungsbeschränkt);1;10;Physical Therapy Apparatus;Germany (DPMA)
DE;A61H;Erbach, Monika;1;10;Physical Therapy Apparatus;Germany (DPMA)
DE;A61H;Kiel, Jonathan;1;10;Physical Therapy Apparatus;Germany (DPMA)
DE;A61H;ROLLAX GMBH & CO. KG;1;10;Physical Therapy Apparatus;Germany (DPMA)
DE;A61H;prolim engineering;1;10;Physical Therapy Apparatus;Germany (DPMA)
DE;A61H;Ossenberg GmbH;1;10;Physical Therapy Apparatus;Germany (DPMA)
DE;A61H;INNO HEALTH TECHNOLOGY CO., LTD.;1;10;Physical Therapy Apparatus;Germany (DPMA)
DE;A61H;LONSKI, RUDOLF;1;10;Physical Therapy Apparatus;Germany (DPMA)
DE;A61H;VOSS HEALTHCARE GMBH;1;10;Physical Therapy Apparatus;Germany (DPMA)
DE;A61H;greytac UG (haftungsbeschränkt);1;10;Physical Therapy Apparatus;Germany (DPMA)
DE;A61H;Kelmendi, Veteran;1;10;Physical Therapy Apparatus;Germany (DPMA)
DE;A61H;LENKE, MICHAEL;1;10;Physical Therapy Apparatus;Germany (DPMA)
DE;A61H;ORTHOPÄDIE-TECHNIK-SERVICE AKTIV GMBH;1;10;Physical Therapy Apparatus;Germany (DPMA)
DE;A61H;RUKU Sauna-Manufaktur GmbH & Co.KG;1;10;Physical Therapy Apparatus;Germany (DPMA)
DE;A61H;ZF Friedrichshafen AG;1;10;Physical Therapy Apparatus;Germany (DPMA)
DE;A61H;BALL, ECKHARD;1;10;Physical Therapy Apparatus;Germany (DPMA)
DE;A61H;Advanced Telecommunications Research Institute International;1;10;Physical Therapy Apparatus;Germany (DPMA)
DE;A61H;Kern, Marcel;1;10;Physical Therapy Apparatus;Germany (DPMA)
DE;A61H;SPORT-THIEME GMBH;1;10;Physical Therapy Apparatus;Germany (DPMA)
DE;A61H;CARL ZEISS VISION INTERNATIONAL GMBH;1;10;Physical Therapy Apparatus;Germany (DPMA)
DE;A61H;JAIN, ARIHANT;1;10;Physical Therapy Apparatus;Germany (DPMA)
DE;A61H;SUZHOU BATAO INFORMATION TECHNOLOGY CO., LTD;1;10;Physical Therapy Apparatus;Germany (DPMA)
DE;A61H;Roßberg, Heiko;1;10;Physical Therapy Apparatus;Germany (DPMA)
DE;A61H;Schlegtendal, Philipp;1;10;Physical Therapy Apparatus;Germany (DPMA)
DE;A61H;FLACH, MICHAEL;1;10;Physical Therapy Apparatus;Germany (DPMA)
DE;A61H;DONGGUAN AISI HEALTH CARE PRODUCTS CO., LTD.;1;10;Physical Therapy Apparatus;Germany (DPMA)
DE;A61H;Stroakmont & Atton Trading GmbH;1;10;Physical Therapy Apparatus;Germany (DPMA)
DE;A61H;EOS SAUNATECHNIK GMBH;1;10;Physical Therapy Apparatus;Germany (DPMA)
DE;A61H;Ball, Simon;1;10;Physical Therapy Apparatus;Germany (DPMA)
DE;A61H;Deuser, Heinz;1;10;Physical Therapy Apparatus;Germany (DPMA)
DE;A61H;GENIMA INNOVATIONS MARKETING GMBH;1;10;Physical Therapy Apparatus;Germany (DPMA)
DE;A61H;Vögel, Pius;1;10;Physical Therapy Apparatus;Germany (DPMA)
DE;A61H;MUSCHIOL, NORBERT;1;10;Physical Therapy Apparatus;Germany (DPMA)
DE;A61H;P&A TECHNOLOGIES INC.;1;10;Physical Therapy Apparatus;Germany (DPMA)
DE;A61H;Petrow, Jordan;1;10;Physical Therapy Apparatus;Germany (DPMA)
DE;A61H;crio ice GmbH & Co. KG;1;10;Physical Therapy Apparatus;Germany (DPMA)
DE;A61H;Sharma, Anupam Kumar;1;10;Physical Therapy Apparatus;Germany (DPMA)
DE;A61H;YONG KANG AIJIU INDUSTRIAL & TRADE CO.,LTD;1;10;Physical Therapy Apparatus;Germany (DPMA)
DE;A61H;Elysium Industries UG (haftungsbeschränkt);1;10;Physical Therapy Apparatus;Germany (DPMA)
DE;A61H;Saini, Devender Kumar;1;10;Physical Therapy Apparatus;Germany (DPMA)
DE;A61H;KMS Kirchensaller Maschinenbau Schaser UG (haftungsbeschränkt);1;10;Physical Therapy Apparatus;Germany (DPMA)
DE;A61H;Yin, Changbao;1;10;Physical Therapy Apparatus;Germany (DPMA)
DE;A61H;GUANGDONG SUBSTANBO TECHNOLOGY CO., LTD.;1;10;Physical Therapy Apparatus;Germany (DPMA)
DE;A61H;JK-HOLDING GMBH;1;10;Physical Therapy Apparatus;Germany (DPMA)
DE;A61H;Kerbel, Irina;1;10;Physical Therapy Apparatus;Germany (DPMA)
DE;A61H;Lang, Tabea;1;10;Physical Therapy Apparatus;Germany (DPMA)
DE;A61H;NIKOLAYCHUK, SERHIY;1;10;Physical Therapy Apparatus;Germany (DPMA)
DE;A61H;Ouertani, Mustapha;1;10;Physical Therapy Apparatus;Germany (DPMA)
DE;A61H;HSU, CHIH-YUNG;1;10;Physical Therapy Apparatus;Germany (DPMA)
DE;A61H;Fuß-Orthopädie Bermes Inh. Andreas Blau-Bermes e.K.;1;10;Physical Therapy Apparatus;Germany (DPMA)
DE;A61H;Fanty, Maria;1;10;Physical Therapy Apparatus;Germany (DPMA)
DE;A61H;AIRPRESSURE BODYFORMING GMBH;1;10;Physical Therapy Apparatus;Germany (DPMA)
DE;A61H;Loipetssperger, Felix;1;10;Physical Therapy Apparatus;Germany (DPMA)
DE;A61H;Eisfeld, Christina;1;10;Physical Therapy Apparatus;Germany (DPMA)
DE;A61H;Shenzhen Siling E-Commerce Co., Ltd.;1;10;Physical Therapy Apparatus;Germany (DPMA)
DE;A61H;RAUMEDIC AG;1;10;Physical Therapy Apparatus;Germany (DPMA)
DE;A61H;INNOTAS AG;1;10;Physical Therapy Apparatus;Germany (DPMA)
DE;A61H;SUNLIFE SCIENCE (SUZHOU) INC.;1;10;Physical Therapy Apparatus;Germany (DPMA)
DE;A61H;Feng Chia University;1;10;Physical Therapy Apparatus;Germany (DPMA)
DE;A61H;NATIONAL UNIVERSITY CORPORATION, IWATE UNIVERSITY;1;10;Physical Therapy Apparatus;Germany (DPMA)
DE;A61H;Deutsche Sporthochschule Köln, Körperschaft des öffentlichen Rechts;1;10;Physical Therapy Apparatus;Germany (DPMA)
DE;A61H;Shenzhen Weiweima Technology Co., Ltd.;1;10;Physical Therapy Apparatus;Germany (DPMA)
DE;A61H;HOLONIC SYSTEMS LTD.;1;10;Physical Therapy Apparatus;Germany (DPMA)
DE;A61H;Stiefel, Rainer;1;10;Physical Therapy Apparatus;Germany (DPMA)
DE;A61H;ZIMMER MEDIZINSYSTEME GMBH;1;10;Physical Therapy Apparatus;Germany (DPMA)
DE;A61H;Roozendaal Health GmbH;1;10;Physical Therapy Apparatus;Germany (DPMA)
DE;A61H;Aukey Technology Co., Ltd.;1;10;Physical Therapy Apparatus;Germany (DPMA)
DE;A61H;ATATÜRK ÜNÎVERSÎTESÎ BÎLÎMSEL ARAŞTIRMA PROJELERÎ BIRÎMÎ;1;10;Physical Therapy Apparatus;Germany (DPMA)
DE;A61H;Doubrava, Marcel;1;10;Physical Therapy Apparatus;Germany (DPMA)
DE;A61H;SALJOL GMBH;1;10;Physical Therapy Apparatus;Germany (DPMA)
DE;A61H;AUF Mobility UG (haftungsbeschränkt);1;10;Physical Therapy Apparatus;Germany (DPMA)
DE;A61H;SHENZHEN SECOND PEOPLE'S HOSPITAL;1;10;Physical Therapy Apparatus;Germany (DPMA)
DE;A61H;Schweizer, Tobias;1;10;Physical Therapy Apparatus;Germany (DPMA)
DE;A61H;Berg, Janina;1;10;Physical Therapy Apparatus;Germany (DPMA)
DE;A61H;FABRITZ, PETER;1;10;Physical Therapy Apparatus;Germany (DPMA)
DE;A61H;Knabbe, Alexandra;1;10;Physical Therapy Apparatus;Germany (DPMA)
DE;A61H;PHLIPPEN, Lovis;1;10;Physical Therapy Apparatus;Germany (DPMA)
DE;A61H;Charité - Universitätsmedizin Berlin, Körperschaft des öffentlichen Rechts;1;10;Physical Therapy Apparatus;Germany (DPMA)
DE;A61H;YADAV, MONIKA;1;10;Physical Therapy Apparatus;Germany (DPMA)
DE;A61H;CHINA CONSERVATION AND RESEARCH CENTER FOR THE GIANT PANDA;1;10;Physical Therapy Apparatus;Germany (DPMA)
DE;A61J;B. BRAUN MELSUNGEN AKTIENGESELLSCHAFT;20;1;Containers for Medicines;Germany (DPMA)
DE;A61J;Syntegon Technology GmbH;13;2;Containers for Medicines;Germany (DPMA)
DE;A61J;KYOOBE TECH GMBH;6;3;Containers for Medicines;Germany (DPMA)
DE;A61J;Fresenius Medical Care Deutschland GmbH;5;4;Containers for Medicines;Germany (DPMA)
DE;A61J;RAUMEDIC AG;4;5;Containers for Medicines;Germany (DPMA)
DE;A61J;VETTER PHARMA-FERTIGUNG GMBH & CO. KG;4;5;Containers for Medicines;Germany (DPMA)
DE;A61J;SARSTEDT AG & CO. KG;3;6;Containers for Medicines;Germany (DPMA)
DE;A61J;BARKEY GMBH & CO. KG;2;7;Containers for Medicines;Germany (DPMA)
DE;A61J;KONINKLIJKE PHILIPS N.V.;2;7;Containers for Medicines;Germany (DPMA)
DE;A61J;Aesculap AG;2;7;Containers for Medicines;Germany (DPMA)
DE;A61J;wirewire GmbH;2;7;Containers for Medicines;Germany (DPMA)
DE;A61J;Bayer Aktiengesellschaft;2;7;Containers for Medicines;Germany (DPMA)
DE;A61J;Schröder, Ursula;2;7;Containers for Medicines;Germany (DPMA)
DE;A61J;Paul Hartmann AG;2;7;Containers for Medicines;Germany (DPMA)
DE;A61J;GRÜNSPECHT NATURPRODUKTE GMBH;2;7;Containers for Medicines;Germany (DPMA)
DE;A61J;smarTaBox GmbH;2;7;Containers for Medicines;Germany (DPMA)
DE;A61J;RESEARCH CENTER PHARMACEUTICAL ENGINEERING GMBH;2;7;Containers for Medicines;Germany (DPMA)
DE;A61J;CARL ZEISS MEDITEC AG;2;7;Containers for Medicines;Germany (DPMA)
DE;A61J;MEZGER, MARKUS;2;7;Containers for Medicines;Germany (DPMA)
DE;A61J;K-JUMP HEALTH CO., LTD.;2;7;Containers for Medicines;Germany (DPMA)
DE;A61J;Heckenbach, Frank;2;7;Containers for Medicines;Germany (DPMA)
DE;A61J;Leven, Wilfried;2;7;Containers for Medicines;Germany (DPMA)
DE;A61J;STERIPAC GMBH;2;7;Containers for Medicines;Germany (DPMA)
DE;A61J;ANMED GMBH;2;7;Containers for Medicines;Germany (DPMA)
DE;A61J;IMSTEC GMBH;2;7;Containers for Medicines;Germany (DPMA)
DE;A61J;ROMACO TECPHARM, S.L.;1;8;Containers for Medicines;Germany (DPMA)
DE;A61J;JDM INNOVATION GMBH;1;8;Containers for Medicines;Germany (DPMA)
DE;A61J;WM19 HOLDING AG;1;8;Containers for Medicines;Germany (DPMA)
DE;A61J;Riehle, Mario;1;8;Containers for Medicines;Germany (DPMA)
DE;A61J;THOMAS, SEBASTIAN;1;8;Containers for Medicines;Germany (DPMA)
DE;A61J;Adusumilli, Pramod Kumar;1;8;Containers for Medicines;Germany (DPMA)
DE;A61J;FETTE COMPACTING GMBH;1;8;Containers for Medicines;Germany (DPMA)
DE;A61J;ALI, KUNWAR BABAR;1;8;Containers for Medicines;Germany (DPMA)
DE;A61J;Rüscher, Lars;1;8;Containers for Medicines;Germany (DPMA)
DE;A61J;MG2 SRL;1;8;Containers for Medicines;Germany (DPMA)
DE;A61J;Phytohealth Corporation;1;8;Containers for Medicines;Germany (DPMA)
DE;A61J;Mikulasch, Klaus;1;8;Containers for Medicines;Germany (DPMA)
DE;A61J;TECNOLOGIA OSPEDALIERA S.R.L.;1;8;Containers for Medicines;Germany (DPMA)
DE;A61J;Das, Dhiraj Kumar;1;8;Containers for Medicines;Germany (DPMA)
DE;A61J;Muthesius Kunsthochschule, Körperschaft des öffentlichen Rechts;1;8;Containers for Medicines;Germany (DPMA)
DE;A61J;Pandey, Manish Ranjan;1;8;Containers for Medicines;Germany (DPMA)
DE;A61J;Shah, Suraj Kumar;1;8;Containers for Medicines;Germany (DPMA)
DE;A61J;Aufdermauer, Uwe;1;8;Containers for Medicines;Germany (DPMA)
DE;A61J;Süßmeir, Birgit;1;8;Containers for Medicines;Germany (DPMA)
DE;A61J;Pasam, Easwari;1;8;Containers for Medicines;Germany (DPMA)
DE;A61J;Stadelbacher, Bernd;1;8;Containers for Medicines;Germany (DPMA)
DE;A61J;Meding GmbH;1;8;Containers for Medicines;Germany (DPMA)
DE;A61J;Soni, Rashmi;1;8;Containers for Medicines;Germany (DPMA)
DE;A61J;Shukla, Arvind Kumar;1;8;Containers for Medicines;Germany (DPMA)
DE;A61J;MEDENTIS MEDICAL GMBH;1;8;Containers for Medicines;Germany (DPMA)
DE;A61J;Balda Medical GmbH;1;8;Containers for Medicines;Germany (DPMA)
DE;A61J;ASKION GMBH;1;8;Containers for Medicines;Germany (DPMA)
DE;A61J;RICHTER, KRISTINA;1;8;Containers for Medicines;Germany (DPMA)
DE;A61J;Ahmad, Nabeel;1;8;Containers for Medicines;Germany (DPMA)
DE;A61J;TANNHÄUSER, GUNTER;1;8;Containers for Medicines;Germany (DPMA)
DE;A61J;Schreiner Group GmbH & Co. KG;1;8;Containers for Medicines;Germany (DPMA)
DE;A61J;Gawhale, Nandkishor;1;8;Containers for Medicines;Germany (DPMA)
DE;A61J;HAUNI MASCHINENBAU GMBH;1;8;Containers for Medicines;Germany (DPMA)
DE;A61J;Schott AG;1;8;Containers for Medicines;Germany (DPMA)
DE;A61J;ANVAJO GMBH;1;8;Containers for Medicines;Germany (DPMA)
DE;A61J;Richard Wolf GmbH;1;8;Containers for Medicines;Germany (DPMA)
DE;A61J;NEBU-TEC MED. PRODUKTE EIKE KERN GMBH;1;8;Containers for Medicines;Germany (DPMA)
DE;A61J;Narwal, Seema;1;8;Containers for Medicines;Germany (DPMA)
DE;A61J;DE, SOURAV;1;8;Containers for Medicines;Germany (DPMA)
DE;A61J;Kronfeld, Angelika;1;8;Containers for Medicines;Germany (DPMA)
DE;A61J;Chakolkar, Madhav Devendra;1;8;Containers for Medicines;Germany (DPMA)
DE;A61J;Das, Saswat Kumar;1;8;Containers for Medicines;Germany (DPMA)
DE;A61J;LANG, MARTIN;1;8;Containers for Medicines;Germany (DPMA)
DE;A61J;Bahr, Ulrich;1;8;Containers for Medicines;Germany (DPMA)
DE;A61J;AVENT, INC.;1;8;Containers for Medicines;Germany (DPMA)
DE;A61J;Suzhou Healthy Tree Medical Technology Co.,Ltd;1;8;Containers for Medicines;Germany (DPMA)
DE;A61J;The smart period blood GmbH;1;8;Containers for Medicines;Germany (DPMA)
DE;A61J;Gebrüder Klöcker GmbH;1;8;Containers for Medicines;Germany (DPMA)
DE;A61J;Raudenbusch, Natasa;1;8;Containers for Medicines;Germany (DPMA)
DE;A61J;TAIWAN MERCURY MEDICAL CORPORATION;1;8;Containers for Medicines;Germany (DPMA)
DE;A61J;SCHARFENBERGER, KURT;1;8;Containers for Medicines;Germany (DPMA)
DE;A61J;DEY, SANJAY;1;8;Containers for Medicines;Germany (DPMA)
DE;A61J;NEXTREMITY SOLUTIONS, INC.;1;8;Containers for Medicines;Germany (DPMA)
DE;A61J;DignifiedBirth Marietta & Daniela Handschel GbR (vertretungsberechtigter Gesellschafter: Daniela Handschel, 60487 Frankfurt;1;8;Containers for Medicines;Germany (DPMA)
DE;A61J;Hüttlin Gmbh;1;8;Containers for Medicines;Germany (DPMA)
DE;A61J;Shaikh, Mohammad Aijaz Ayyub;1;8;Containers for Medicines;Germany (DPMA)
DE;A61J;KUMAR, SANDEEP;1;8;Containers for Medicines;Germany (DPMA)
DE;A61J;Ningbo Albert Novosino Co., Ltd;1;8;Containers for Medicines;Germany (DPMA)
DE;A61J;Bachata Stiftung;1;8;Containers for Medicines;Germany (DPMA)
DE;A61J;Suresh, Subhashini;1;8;Containers for Medicines;Germany (DPMA)
DE;A61J;MEVIDUAL GROUP GMBH;1;8;Containers for Medicines;Germany (DPMA)
DE;A61J;SUZHOU HEALTHY TREE MEDICAL TECHNOLOGY CO., LTD;1;8;Containers for Medicines;Germany (DPMA)
DE;A61J;U-Consulting GmbH;1;8;Containers for Medicines;Germany (DPMA)
DE;A61J;Vivekanandan, Lalitha;1;8;Containers for Medicines;Germany (DPMA)
DE;A61J;Barik, Anwesha;1;8;Containers for Medicines;Germany (DPMA)
DE;A61J;Kewatkar, Shailesh;1;8;Containers for Medicines;Germany (DPMA)
DE;A61J;ATATÜRK ÜNÎVERSÎTESÎ BÎLÎMSEL ARAŞTIRMA PROJELERÎ BIRÎMÎ;1;8;Containers for Medicines;Germany (DPMA)
DE;A61J;Prospari Pharma GmbH;1;8;Containers for Medicines;Germany (DPMA)
DE;A61J;Blutspendedienst der Landesverbände des Deutschen Roten Kreuzes Niedersachsen, Sachsen-Anhalt, Thüringen, Oldenburg und Bremen g.G.m.b.H.;1;8;Containers for Medicines;Germany (DPMA)
DE;A61J;Robert Bosch Gesellschaft mit beschränkter Haftung;1;8;Containers for Medicines;Germany (DPMA)
DE;A61J;Nanjing Vazyme Medical Technology Co., Ltd.;1;8;Containers for Medicines;Germany (DPMA)
DE;A61J;Partenheimer, Ernst;1;8;Containers for Medicines;Germany (DPMA)
DE;A61J;Shah, Krishna Bikram;1;8;Containers for Medicines;Germany (DPMA)
DE;A61J;Jha, Ashish Kumar;1;8;Containers for Medicines;Germany (DPMA)
DE;A61J;Nanjing Vazyme Biotech Co., Ltd.;1;8;Containers for Medicines;Germany (DPMA)
DE;A61J;G. POHL-BOSKAMP GMBH & CO. KG;1;8;Containers for Medicines;Germany (DPMA)
DE;A61J;Xu, Chundi;1;8;Containers for Medicines;Germany (DPMA)
DE;A61J;EMPHASYS IMPORTADORA EXPORTADORA E DISTRIBUIDORA LTDA.;1;8;Containers for Medicines;Germany (DPMA)
DE;A61J;Uniclaro Trade GmbH;1;8;Containers for Medicines;Germany (DPMA)
DE;A61J;Leitner, Herwig;1;8;Containers for Medicines;Germany (DPMA)
DE;A61J;EGE, GERHARD;1;8;Containers for Medicines;Germany (DPMA)
DE;A61J;Podo Elan UG (haftungsbeschränkt);1;8;Containers for Medicines;Germany (DPMA)
DE;A61J;LTS LOHMANN THERAPIE-SYSTEME AG.;1;8;Containers for Medicines;Germany (DPMA)
DE;A61J;Gandla, Kumaraswamy;1;8;Containers for Medicines;Germany (DPMA)
DE;A61J;Soni, Nitasha;1;8;Containers for Medicines;Germany (DPMA)
DE;A61J;turn of beauty GmbH;1;8;Containers for Medicines;Germany (DPMA)
DE;A61J;G.A.S. Gesellschaft für analytische Sensorsysteme m.b.H.;1;8;Containers for Medicines;Germany (DPMA)
DE;A61J;DATWYLER PHARMA PACKAGING BELGIUM;1;8;Containers for Medicines;Germany (DPMA)
DE;A61J;APTAR RADOLFZELL GMBH;1;8;Containers for Medicines;Germany (DPMA)
DE;A61J;Dettmer, Philipp;1;8;Containers for Medicines;Germany (DPMA)
DE;A61J;BAUSCH + STRÖBEL MASCHINENFABRIK ILSHOFEN GMBH + CO. KG;1;8;Containers for Medicines;Germany (DPMA)
DE;A61J;GERRESHEIMER REGENSBURG GMBH;1;8;Containers for Medicines;Germany (DPMA)
DE;A61J;MABEX Deutschland Vertriebs GmbH & Co. KG;1;8;Containers for Medicines;Germany (DPMA)
DE;A61J;Dixit, Chandra Kumar;1;8;Containers for Medicines;Germany (DPMA)
DE;A61J;EasyJector GmbH;1;8;Containers for Medicines;Germany (DPMA)
DE;A61J;GLATT Gesellschaft mit beschränkter Haftung;1;8;Containers for Medicines;Germany (DPMA)
DE;A61J;Schmidt, Günther;1;8;Containers for Medicines;Germany (DPMA)
DE;A61J;ELIXION MEDICAL GMBH;1;8;Containers for Medicines;Germany (DPMA)
DE;A61J;Sivaramakrishnan, Ravichandran;1;8;Containers for Medicines;Germany (DPMA)
DE;A61J;EBERLE, FELIX;1;8;Containers for Medicines;Germany (DPMA)
DE;A61J;AlmediS Altmann GmbH;1;8;Containers for Medicines;Germany (DPMA)
DE;A61J;SFM MEDICAL DEVICES GMBH;1;8;Containers for Medicines;Germany (DPMA)
DE;A61J;CHENG, Pen Gang;1;8;Containers for Medicines;Germany (DPMA)
DE;A61J;CODONIS AG;1;8;Containers for Medicines;Germany (DPMA)
DE;A61J;A. RAYMOND ET CIE. SCS;1;8;Containers for Medicines;Germany (DPMA)
DE;A61J;NAGEL, KARL-HEINZ;1;8;Containers for Medicines;Germany (DPMA)
DE;A61J;Mei, Xusheng;1;8;Containers for Medicines;Germany (DPMA)
DE;A61J;Kulkarni, Abhijeet Dattatraya;1;8;Containers for Medicines;Germany (DPMA)
DE;A61J;RATHEE, NAVEEN;1;8;Containers for Medicines;Germany (DPMA)
DE;A61J;Shanghai Huayuan Anhui Jinhui Pharmaceutical Co., Ltd;1;8;Containers for Medicines;Germany (DPMA)
DE;A61J;Narwal, Renu;1;8;Containers for Medicines;Germany (DPMA)
DE;A61J;Fürstenberg, Malte;1;8;Containers for Medicines;Germany (DPMA)
DE;A61J;Bausch + Ströbel SE + Co. KG;1;8;Containers for Medicines;Germany (DPMA)
DE;A61J;Bader, Monika;1;8;Containers for Medicines;Germany (DPMA)
DE;A61J;KUMAR, KRISHAN;1;8;Containers for Medicines;Germany (DPMA)
DE;A61J;Bundesrepublik Deutschland, vertr. durch das Bundesministerium der Verteidigung, vertr. durch das Bundesamt für Ausrüstung, Informationstechnik und Nutzung der Bundeswehr;1;8;Containers for Medicines;Germany (DPMA)
DE;A61J;ELANCO US INC.;1;8;Containers for Medicines;Germany (DPMA)
DE;A61J;Löwenstein Medical Technology S.A.;1;8;Containers for Medicines;Germany (DPMA)
DE;A61J;Buchner, David;1;8;Containers for Medicines;Germany (DPMA)
DE;A61J;Becton, Dickinson and Company;1;8;Containers for Medicines;Germany (DPMA)
DE;A61J;Saluja, Manmeet Singh;1;8;Containers for Medicines;Germany (DPMA)
DE;A61J;SCHARFENBERGER, DANIEL;1;8;Containers for Medicines;Germany (DPMA)
DE;A61J;FLIERLER, KLAUS;1;8;Containers for Medicines;Germany (DPMA)
DE;A61J;HENAN FANGZHOU MEDICAL INSTRUMENT CO., LTD;1;8;Containers for Medicines;Germany (DPMA)
DE;A61J;DRÄGERWERK AG & CO. KGAA;1;8;Containers for Medicines;Germany (DPMA)
DE;A61J;Alaskar, Kamal;1;8;Containers for Medicines;Germany (DPMA)
DE;A61J;WEISS, MANFRED;1;8;Containers for Medicines;Germany (DPMA)
DE;A61J;Keshari, Jaishanker Prasad;1;8;Containers for Medicines;Germany (DPMA)
DE;A61J;Körber Pharma Inspection GmbH;1;8;Containers for Medicines;Germany (DPMA)
DE;A61J;SINGH, Pankaj Kumar;1;8;Containers for Medicines;Germany (DPMA)
DE;A61J;Gaplast GmbH;1;8;Containers for Medicines;Germany (DPMA)
DE;A61J;XEOTECH GMBH;1;8;Containers for Medicines;Germany (DPMA)
DE;A61J;Singh, Rajdeep;1;8;Containers for Medicines;Germany (DPMA)
DE;A61J;H & B ELECTRONIC GMBH & CO. KG;1;8;Containers for Medicines;Germany (DPMA)
DE;A61J;Labor LS SE & Co. KG;1;8;Containers for Medicines;Germany (DPMA)
DE;A61J;HARRO HÖFLIGER VERPACKUNGSMASCHINEN GMBH;1;8;Containers for Medicines;Germany (DPMA)
DE;A61J;HEINZ MEISE GMBH;1;8;Containers for Medicines;Germany (DPMA)
DE;A61J;Liquibox GmbH;1;8;Containers for Medicines;Germany (DPMA)
DE;A61J;MG2 - S.R.L;1;8;Containers for Medicines;Germany (DPMA)
DE;A61J;KERPERS INNOVATION HANDELS GMBH;1;8;Containers for Medicines;Germany (DPMA)
DE;A61J;NIPPON ELECTRIC GLASS CO., LTD.;1;8;Containers for Medicines;Germany (DPMA)
DE;A61J;Khatri K C, Avinash;1;8;Containers for Medicines;Germany (DPMA)
DE;A61J;RIMPL UG (HAFTUNGSBESCHRÄNKT);1;8;Containers for Medicines;Germany (DPMA)
DE;A61J;Olle Larsson Holding AG;1;8;Containers for Medicines;Germany (DPMA)
DE;A61J;Vijaya Babu, Penke;1;8;Containers for Medicines;Germany (DPMA)
DE;A61J;Universität Düsseldorf. Körperschaft des öffentlichen Rechts;1;8;Containers for Medicines;Germany (DPMA)
DE;A61J;KLEIN, GORDON;1;8;Containers for Medicines;Germany (DPMA)
DE;A61J;Repudi, Lalitha;1;8;Containers for Medicines;Germany (DPMA)
DE;A61J;LMB SOFT DOO NIS;1;8;Containers for Medicines;Germany (DPMA)
DE;A61J;Hangzhou Zhunxin Biotechnology Co., Ltd;1;8;Containers for Medicines;Germany (DPMA)
DE;A61J;Gangane, Purushottam Shridharrao;1;8;Containers for Medicines;Germany (DPMA)
DE;A61J;Fleischhacker GmbH & Co. KG Laboreinrichtungen Medizintechnik;1;8;Containers for Medicines;Germany (DPMA)
DE;A61J;SINGH, SHILPI;1;8;Containers for Medicines;Germany (DPMA)
DE;A61J;MAH Healthcare OU;1;8;Containers for Medicines;Germany (DPMA)
DE;A61J;Krishan, Gopal;1;8;Containers for Medicines;Germany (DPMA)
DE;A61J;Xertecs GmbH;1;8;Containers for Medicines;Germany (DPMA)
DE;A61J;KHAN, IMRAN AHMED;1;8;Containers for Medicines;Germany (DPMA)
DE;A61J;Larsch, Helmut;1;8;Containers for Medicines;Germany (DPMA)
DE;A61J;go.ecoblister GmbH;1;8;Containers for Medicines;Germany (DPMA)
DE;A61J;ElringKlinger AG;1;8;Containers for Medicines;Germany (DPMA)
DE;A61J;cisko GmbH;1;8;Containers for Medicines;Germany (DPMA)
DE;A61J;GUPTA, NIDHI;1;8;Containers for Medicines;Germany (DPMA)
DE;A61J;TRUMPF LASER- UND SYSTEMTECHNIK GMBH;1;8;Containers for Medicines;Germany (DPMA)
DE;A61J;KNAPP AG;1;8;Containers for Medicines;Germany (DPMA)
DE;A61J;Shaik, Tehzeeb;1;8;Containers for Medicines;Germany (DPMA)
DE;A61J;Hatchmore Labs GmbH;1;8;Containers for Medicines;Germany (DPMA)
DE;A61J;Leopold MTX GmbH;1;8;Containers for Medicines;Germany (DPMA)
DE;A61J;New Ventures GmbH;1;8;Containers for Medicines;Germany (DPMA)
DE;A61J;Muthulingam, Seenuvasan;1;8;Containers for Medicines;Germany (DPMA)
DE;A61J;JHA, SAJAL KUMAR;1;8;Containers for Medicines;Germany (DPMA)
DE;A61J;HaLu Pharmatechnologies GmbH;1;8;Containers for Medicines;Germany (DPMA)
DE;A61J;IPB Intelligent Pill Box UG (haftungsbeschränkt);1;8;Containers for Medicines;Germany (DPMA)
DE;A61J;Tripathi, Arpan Kumar;1;8;Containers for Medicines;Germany (DPMA)
DE;A61J;Zhang, Gangyuan;1;8;Containers for Medicines;Germany (DPMA)
DE;A61J;SINGH, PRIYANKA;1;8;Containers for Medicines;Germany (DPMA)
DE;A61J;dot.COOL Group Inc.;1;8;Containers for Medicines;Germany (DPMA)
DE;A61J;JAISWAL, SUSHMA;1;8;Containers for Medicines;Germany (DPMA)
DE;A61J;Geiling Verwaltungs UG (haftungsbeschränkt);1;8;Containers for Medicines;Germany (DPMA)
DE;A61J;Sawarkar, Harigopal Shalimar;1;8;Containers for Medicines;Germany (DPMA)
DE;A61J;DATWYLER PHARMA PACKAGING BELGIUM NV;1;8;Containers for Medicines;Germany (DPMA)
DE;A61J;EBERLE GMBH & CO. KG;1;8;Containers for Medicines;Germany (DPMA)
DE;A61J;JOSHI, Amit;1;8;Containers for Medicines;Germany (DPMA)
DE;A61J;BOWA-ELECTRONIC GMBH & CO. KG;1;8;Containers for Medicines;Germany (DPMA)
DE;A61J;Joseph, Miriam;1;8;Containers for Medicines;Germany (DPMA)
DE;A61J;OLIG AG;1;8;Containers for Medicines;Germany (DPMA)
DE;A61J;FRAUNHOFER-GESELLSCHAFT ZUR FÖRDERUNG DER ANGEWANDTEN FORSCHUNG EINGETRAGENER VEREIN;1;8;Containers for Medicines;Germany (DPMA)
DE;A61J;LANGER, HEIKO;1;8;Containers for Medicines;Germany (DPMA)
DE;A61J;TEMPTIME CORPORATION;1;8;Containers for Medicines;Germany (DPMA)
DE;A61J;Harder, Fabian;1;8;Containers for Medicines;Germany (DPMA)
DE;A61J;SHL MEDICAL AG;1;8;Containers for Medicines;Germany (DPMA)
DE;A61J;HANGZHOU CUTECHAM MATERNAL AND INFANT TECHNOLOGY CO., LTD.;1;8;Containers for Medicines;Germany (DPMA)
DE;A61J;LI, YANXING;1;8;Containers for Medicines;Germany (DPMA)
DE;A61J;on point medicals GmbH;1;8;Containers for Medicines;Germany (DPMA)
DE;A61J;AVENT INC.;1;8;Containers for Medicines;Germany (DPMA)
DE;A61J;Endress+Hauser SE+Co. KG;1;8;Containers for Medicines;Germany (DPMA)
DE;A61J;KAIRISH INNOTECH PRIVATE LTD.;1;8;Containers for Medicines;Germany (DPMA)
DE;A61J;SCHWARZ, MICHAEL;1;8;Containers for Medicines;Germany (DPMA)
DE;A61J;KOCHER-PLASTIK MASCHINENBAU GMBH;1;8;Containers for Medicines;Germany (DPMA)
DE;A61J;HOCHSCHULE KAISERSLAUTERN;1;8;Containers for Medicines;Germany (DPMA)
DE;A61J;Biological Health Care LLC;1;8;Containers for Medicines;Germany (DPMA)
DE;A61J;Zhongke Bosheng Bioengineering Co., Ltd.;1;8;Containers for Medicines;Germany (DPMA)
DE;A61J;GRILL, MARKUS;1;8;Containers for Medicines;Germany (DPMA)
DE;A61J;TAURUS GMBH & CO. KG;1;8;Containers for Medicines;Germany (DPMA)
DE;A61J;Skopnik, Malte;1;8;Containers for Medicines;Germany (DPMA)
DE;A61J;SAUER, GÜNTER;1;8;Containers for Medicines;Germany (DPMA)
DE;A61J;HEARTWARE, INC.;1;8;Containers for Medicines;Germany (DPMA)
DE;A61J;BORMIOLI PHARMA S.P.A.;1;8;Containers for Medicines;Germany (DPMA)
DE;A61J;ANTON DEBATIN GMBH WERK FÜR WERBENDE VERPACKUNG;1;8;Containers for Medicines;Germany (DPMA)
DE;A61K40;Henkel AG & Co. KGaA;11;1;Medicinal Preparations (Drug Delivery);Germany (DPMA)
DE;A61K40;Maria Clementine Martin Klosterfrau Vertriebsgesellschaft mit beschränkter Haftung;4;2;Medicinal Preparations (Drug Delivery);Germany (DPMA)
DE;A61K40;Atmakuri, Lakshmana Rao;3;3;Medicinal Preparations (Drug Delivery);Germany (DPMA)
DE;A61K40;Pappula, Nagaraju;3;3;Medicinal Preparations (Drug Delivery);Germany (DPMA)
DE;A61K40;Kodali, Balaji;3;3;Medicinal Preparations (Drug Delivery);Germany (DPMA)
DE;A61K40;Beiersdorf Aktiengesellschaft;3;3;Medicinal Preparations (Drug Delivery);Germany (DPMA)
DE;A61K40;ENANTA PHARMACEUTICALS, INC.;2;4;Medicinal Preparations (Drug Delivery);Germany (DPMA)
DE;A61K40;Vadithe, Vasu Naik;2;4;Medicinal Preparations (Drug Delivery);Germany (DPMA)
DE;A61K40;LEIUTIS PHARMACEUTICALS LLP;2;4;Medicinal Preparations (Drug Delivery);Germany (DPMA)
DE;A61K40;Mamidi, Satya Venkata Sakuntala;2;4;Medicinal Preparations (Drug Delivery);Germany (DPMA)
DE;A61K40;Humanicon GmbH;2;4;Medicinal Preparations (Drug Delivery);Germany (DPMA)
DE;A61K40;Nandyala, Srinivas;2;4;Medicinal Preparations (Drug Delivery);Germany (DPMA)
DE;A61K40;Rajkumari, Ananya;1;5;Medicinal Preparations (Drug Delivery);Germany (DPMA)
DE;A61K40;Anumula, Kireety Sharma;1;5;Medicinal Preparations (Drug Delivery);Germany (DPMA)
DE;A61K40;KBHB Consult GmbH;1;5;Medicinal Preparations (Drug Delivery);Germany (DPMA)
DE;A61K40;DEY, SANJAY;1;5;Medicinal Preparations (Drug Delivery);Germany (DPMA)
DE;A61K40;Monisha, Janarthanan;1;5;Medicinal Preparations (Drug Delivery);Germany (DPMA)
DE;A61K40;Compass Pathfinder Ltd.;1;5;Medicinal Preparations (Drug Delivery);Germany (DPMA)
DE;A61K40;GUPTA, RISHIKESH;1;5;Medicinal Preparations (Drug Delivery);Germany (DPMA)
DE;A61K40;Dalu, Damayanthi;1;5;Medicinal Preparations (Drug Delivery);Germany (DPMA)
DE;A61K40;Banu, Sherbudeen Shakila;1;5;Medicinal Preparations (Drug Delivery);Germany (DPMA)
DE;A61K40;Ghanta, Vijaya Kumar;1;5;Medicinal Preparations (Drug Delivery);Germany (DPMA)
DE;A61K40;Ponnaganti, Satya Sai Prasanna Kumar;1;5;Medicinal Preparations (Drug Delivery);Germany (DPMA)
DE;A61K40;Ramamurthy, Vijayakumar Arumugam;1;5;Medicinal Preparations (Drug Delivery);Germany (DPMA)
DE;A61K40;FLC Industry GmbH;1;5;Medicinal Preparations (Drug Delivery);Germany (DPMA)
DE;A61K40;Chukka, Prudhvi Raj;1;5;Medicinal Preparations (Drug Delivery);Germany (DPMA)
DE;A61K40;Kumaraswamy, Gandla;1;5;Medicinal Preparations (Drug Delivery);Germany (DPMA)
DE;A61K40;Anushya, Ramar;1;5;Medicinal Preparations (Drug Delivery);Germany (DPMA)
DE;A61K40;Nirmal Chandu, Himanshu;1;5;Medicinal Preparations (Drug Delivery);Germany (DPMA)
DE;A61K40;artgerecht GmbH;1;5;Medicinal Preparations (Drug Delivery);Germany (DPMA)
DE;A61K40;Mishra, Arun Kumar;1;5;Medicinal Preparations (Drug Delivery);Germany (DPMA)
DE;A61K40;Manas, Vallala;1;5;Medicinal Preparations (Drug Delivery);Germany (DPMA)
DE;A61K40;Kavuri, Naga Raju;1;5;Medicinal Preparations (Drug Delivery);Germany (DPMA)
DE;A61K40;Khalilullah, Habibullah;1;5;Medicinal Preparations (Drug Delivery);Germany (DPMA)
DE;A61K40;YADAV, VIJAY KUMAR;1;5;Medicinal Preparations (Drug Delivery);Germany (DPMA)
DE;A61K40;Ansari, Irfan Aamer;1;5;Medicinal Preparations (Drug Delivery);Germany (DPMA)
DE;A61K40;Venkatesan, Sajitha;1;5;Medicinal Preparations (Drug Delivery);Germany (DPMA)
DE;A61K40;Khamkat, Piyali;1;5;Medicinal Preparations (Drug Delivery);Germany (DPMA)
DE;A61K40;LTS Lohmann Therapie-Systeme AG;1;5;Medicinal Preparations (Drug Delivery);Germany (DPMA)
DE;A61K40;Shweta, Swaroop;1;5;Medicinal Preparations (Drug Delivery);Germany (DPMA)
DE;A61K40;Shil, Dibyendu;1;5;Medicinal Preparations (Drug Delivery);Germany (DPMA)
DE;A61K40;Thapa, Gayatri;1;5;Medicinal Preparations (Drug Delivery);Germany (DPMA)
DE;A61K40;JOHN HEMMING TRADING LTD;1;5;Medicinal Preparations (Drug Delivery);Germany (DPMA)
DE;A61K40;Pandey, Sree Prakash;1;5;Medicinal Preparations (Drug Delivery);Germany (DPMA)
DE;A61K40;Divya, Rayapuram;1;5;Medicinal Preparations (Drug Delivery);Germany (DPMA)
DE;A61K40;Thummala, Udaya Kumar;1;5;Medicinal Preparations (Drug Delivery);Germany (DPMA)
DE;A61K40;Manasa, Sathineni;1;5;Medicinal Preparations (Drug Delivery);Germany (DPMA)
DE;A61K40;Awasthi, Deepak;1;5;Medicinal Preparations (Drug Delivery);Germany (DPMA)
DE;A61K40;Das, Sumit;1;5;Medicinal Preparations (Drug Delivery);Germany (DPMA)
DE;A61K40;Shende, Sonali;1;5;Medicinal Preparations (Drug Delivery);Germany (DPMA)
DE;A61K40;Sarkar, Tumpa;1;5;Medicinal Preparations (Drug Delivery);Germany (DPMA)
DE;A61K40;Dangeti, Vinay Kumar;1;5;Medicinal Preparations (Drug Delivery);Germany (DPMA)
DE;A61K40;SHARMA, UTTAM;1;5;Medicinal Preparations (Drug Delivery);Germany (DPMA)
DE;A61K40;Barik, Vivek;1;5;Medicinal Preparations (Drug Delivery);Germany (DPMA)
DE;A61K40;Mohan, Magesh;1;5;Medicinal Preparations (Drug Delivery);Germany (DPMA)
DE;A61K40;Rajagopalan, Ramanathan;1;5;Medicinal Preparations (Drug Delivery);Germany (DPMA)
DE;A61K40;Neelambaran, Krishnapriya;1;5;Medicinal Preparations (Drug Delivery);Germany (DPMA)
DE;A61K40;CYTOPHARMA GMBH;1;5;Medicinal Preparations (Drug Delivery);Germany (DPMA)
DE;A61K40;Kaur, Ramandeep;1;5;Medicinal Preparations (Drug Delivery);Germany (DPMA)
DE;A61K40;Wadhai, Vijay Shamrao;1;5;Medicinal Preparations (Drug Delivery);Germany (DPMA)
DE;A61K40;Borgohain, Ranadeep;1;5;Medicinal Preparations (Drug Delivery);Germany (DPMA)
DE;A61K40;KUMAR, VIPIN;1;5;Medicinal Preparations (Drug Delivery);Germany (DPMA)
DE;A61K40;Karunakaran, Thangadurai;1;5;Medicinal Preparations (Drug Delivery);Germany (DPMA)
DE;A61K40;Sharma, Bhawna;1;5;Medicinal Preparations (Drug Delivery);Germany (DPMA)
DE;A61K40;Chennuru, Madhavi Latha;1;5;Medicinal Preparations (Drug Delivery);Germany (DPMA)
DE;A61K40;Gogoi, Niva Rani;1;5;Medicinal Preparations (Drug Delivery);Germany (DPMA)
DE;A61K40;Lakshminarayan, Karpagavalli;1;5;Medicinal Preparations (Drug Delivery);Germany (DPMA)
DE;A61K40;Mercurius Production GmbH;1;5;Medicinal Preparations (Drug Delivery);Germany (DPMA)
DE;A61K40;Ponnuraj, Divakar;1;5;Medicinal Preparations (Drug Delivery);Germany (DPMA)
DE;A61K40;Rajagopal, Poongodi;1;5;Medicinal Preparations (Drug Delivery);Germany (DPMA)
DE;A61K40;Marbaniang, Daphisha;1;5;Medicinal Preparations (Drug Delivery);Germany (DPMA)
DE;A61K40;Dashputre, Neelam Laxman;1;5;Medicinal Preparations (Drug Delivery);Germany (DPMA)
DE;A61K40;Devarajan, Bharathi;1;5;Medicinal Preparations (Drug Delivery);Germany (DPMA)
DE;A61K40;Yedhunoori, Ganesh Kumar;1;5;Medicinal Preparations (Drug Delivery);Germany (DPMA)
DE;A61K40;Sangeeta Bhaskar, Gaddala;1;5;Medicinal Preparations (Drug Delivery);Germany (DPMA)
DE;A61K40;Patangia, Uddhav;1;5;Medicinal Preparations (Drug Delivery);Germany (DPMA)
DE;A61K40;Barman, Dhunusmita;1;5;Medicinal Preparations (Drug Delivery);Germany (DPMA)
DE;A61K40;Thangaraju, Eswaran;1;5;Medicinal Preparations (Drug Delivery);Germany (DPMA)
DE;A61K40;Sahoo, Nityananda;1;5;Medicinal Preparations (Drug Delivery);Germany (DPMA)
DE;A61K40;Chakraborty, Debarupa Dutta;1;5;Medicinal Preparations (Drug Delivery);Germany (DPMA)
DE;A61K40;Neerati, Prasad;1;5;Medicinal Preparations (Drug Delivery);Germany (DPMA)
DE;A61K40;Akhila, Mekala;1;5;Medicinal Preparations (Drug Delivery);Germany (DPMA)
DE;A61K40;Bharali, Deepshikha;1;5;Medicinal Preparations (Drug Delivery);Germany (DPMA)
DE;A61K40;Chakrabarti, Srijita;1;5;Medicinal Preparations (Drug Delivery);Germany (DPMA)
DE;A61K40;Shaik, Aminabee;1;5;Medicinal Preparations (Drug Delivery);Germany (DPMA)
DE;A61K40;Arora, Poonam;1;5;Medicinal Preparations (Drug Delivery);Germany (DPMA)
DE;A61K40;Leiser, Alexander;1;5;Medicinal Preparations (Drug Delivery);Germany (DPMA)
DE;A61K40;Mohamed, Abdelbaset;1;5;Medicinal Preparations (Drug Delivery);Germany (DPMA)
DE;A61K40;Peeriga, Raveesha;1;5;Medicinal Preparations (Drug Delivery);Germany (DPMA)
DE;A61K40;Bonagani, Naresh;1;5;Medicinal Preparations (Drug Delivery);Germany (DPMA)
DE;A61K40;Pal, Paulami;1;5;Medicinal Preparations (Drug Delivery);Germany (DPMA)
DE;A61K40;Karri, Srinivasa Reddy;1;5;Medicinal Preparations (Drug Delivery);Germany (DPMA)
DE;A61K40;Ray, Subhabrata;1;5;Medicinal Preparations (Drug Delivery);Germany (DPMA)
DE;A61K40;YADAV, VIMAL KUMAR;1;5;Medicinal Preparations (Drug Delivery);Germany (DPMA)
DE;A61K40;Pashikanti, Shailaja;1;5;Medicinal Preparations (Drug Delivery);Germany (DPMA)
DE;A61K40;Kataki, Manjir Sarma;1;5;Medicinal Preparations (Drug Delivery);Germany (DPMA)
DE;A61K40;Chandra Das, Smriti Rekha;1;5;Medicinal Preparations (Drug Delivery);Germany (DPMA)
DE;A61K40;KAKATIYA UNIVERSITY;1;5;Medicinal Preparations (Drug Delivery);Germany (DPMA)
DE;A61K40;Wadekar, Bharti Ghude;1;5;Medicinal Preparations (Drug Delivery);Germany (DPMA)
DE;A61K40;Chawla, Amit;1;5;Medicinal Preparations (Drug Delivery);Germany (DPMA)
DE;A61K40;Senthamarai, Rajagopalan;1;5;Medicinal Preparations (Drug Delivery);Germany (DPMA)
DE;A61K40;Korni, Rama Devi;1;5;Medicinal Preparations (Drug Delivery);Germany (DPMA)
DE;A61K40;Kumar, Satish Sharma;1;5;Medicinal Preparations (Drug Delivery);Germany (DPMA)
DE;A61K40;Bhardwaj, Peeyush;1;5;Medicinal Preparations (Drug Delivery);Germany (DPMA)
DE;A61K40;Talasila, Eswara Gopalakrishna Murthy;1;5;Medicinal Preparations (Drug Delivery);Germany (DPMA)
DE;A61K40;Yadav, Priyanka;1;5;Medicinal Preparations (Drug Delivery);Germany (DPMA)
DE;A61K40;Mazumder, Bhaskar;1;5;Medicinal Preparations (Drug Delivery);Germany (DPMA)
DE;A61K40;CARMFI Holding AG;1;5;Medicinal Preparations (Drug Delivery);Germany (DPMA)
DE;A61K40;Kandimalla, Madhavi;1;5;Medicinal Preparations (Drug Delivery);Germany (DPMA)
DE;A61K40;Bhandari, Prabhakar Ramesh;1;5;Medicinal Preparations (Drug Delivery);Germany (DPMA)
DE;A61K40;Arige, Sai Datri;1;5;Medicinal Preparations (Drug Delivery);Germany (DPMA)
DE;A61K40;victorioso nutrition UG (haftungsbeschränkt);1;5;Medicinal Preparations (Drug Delivery);Germany (DPMA)
DE;A61K40;Yadav, Shweta;1;5;Medicinal Preparations (Drug Delivery);Germany (DPMA)
DE;A61K40;SHARMA, UPENDRA KUMAR;1;5;Medicinal Preparations (Drug Delivery);Germany (DPMA)
DE;A61K40;Kadirvel, Devi;1;5;Medicinal Preparations (Drug Delivery);Germany (DPMA)
DE;A61K40;PG NATURPHARMA GMBH;1;5;Medicinal Preparations (Drug Delivery);Germany (DPMA)
DE;A61K40;Kumari, Sabita;1;5;Medicinal Preparations (Drug Delivery);Germany (DPMA)
DE;A61K40;Dey, Kumar Saurav;1;5;Medicinal Preparations (Drug Delivery);Germany (DPMA)
DE;A61K40;Chowdhury, Sailee;1;5;Medicinal Preparations (Drug Delivery);Germany (DPMA)
DE;A61K40;Murali Krishna, Thupurani;1;5;Medicinal Preparations (Drug Delivery);Germany (DPMA)
DE;A61K40;Madda, Suresh Babu;1;5;Medicinal Preparations (Drug Delivery);Germany (DPMA)
DE;A61K40;Ashraf, Mohammad Saquib;1;5;Medicinal Preparations (Drug Delivery);Germany (DPMA)
DE;A61K40;Satyavarapu, Veera Venkata Naga Satya Mahalakshmi;1;5;Medicinal Preparations (Drug Delivery);Germany (DPMA)
DE;A61K40;Dey, Nikita;1;5;Medicinal Preparations (Drug Delivery);Germany (DPMA)
DE;A61K40;CF PHARMTECH, INC.;1;5;Medicinal Preparations (Drug Delivery);Germany (DPMA)
DE;A61K40;Dixit, Yamini;1;5;Medicinal Preparations (Drug Delivery);Germany (DPMA)
DE;A61K40;Deka, Babita;1;5;Medicinal Preparations (Drug Delivery);Germany (DPMA)
DE;A61K40;Ismail, Abdulrahim Mohamed;1;5;Medicinal Preparations (Drug Delivery);Germany (DPMA)
DE;A61K40;Gothandam, Sundararajan;1;5;Medicinal Preparations (Drug Delivery);Germany (DPMA)
DE;A61K40;PROF4SKIN GMBH;1;5;Medicinal Preparations (Drug Delivery);Germany (DPMA)
DE;A61K40;Thangaraju, Pugazhenthan;1;5;Medicinal Preparations (Drug Delivery);Germany (DPMA)
DE;A61K40;YADAV, Manoj Kumar;1;5;Medicinal Preparations (Drug Delivery);Germany (DPMA)
DE;A61K40;Verma, Minakshi;1;5;Medicinal Preparations (Drug Delivery);Germany (DPMA)
DE;A61K40;Debnath, Joyanta Kishore;1;5;Medicinal Preparations (Drug Delivery);Germany (DPMA)
DE;A61K40;KUMAR, PUSHPENDRA;1;5;Medicinal Preparations (Drug Delivery);Germany (DPMA)
DE;A61K40;Ansari, Siddique Akber;1;5;Medicinal Preparations (Drug Delivery);Germany (DPMA)
DE;A61K40;Venkatesan, Parthasarathi;1;5;Medicinal Preparations (Drug Delivery);Germany (DPMA)
DE;A61K40;Krishnan, Premavathi;1;5;Medicinal Preparations (Drug Delivery);Germany (DPMA)
DE;A61K40;Munigadapa, Sangeeth Kumar;1;5;Medicinal Preparations (Drug Delivery);Germany (DPMA)
DE;A61K40;Dasgupta, Sandipan;1;5;Medicinal Preparations (Drug Delivery);Germany (DPMA)
DE;A61K40;Singh, Jaybir;1;5;Medicinal Preparations (Drug Delivery);Germany (DPMA)
DE;A61K40;Too, Al-Zhami;1;5;Medicinal Preparations (Drug Delivery);Germany (DPMA)
DE;A61K40;Mehta, Farhad;1;5;Medicinal Preparations (Drug Delivery);Germany (DPMA)
DE;A61K40;Amarnath, Velidandi;1;5;Medicinal Preparations (Drug Delivery);Germany (DPMA)
DE;A61K40;Epigenics GmbH;1;5;Medicinal Preparations (Drug Delivery);Germany (DPMA)
DE;A61K40;Nagasrinidhi, Velgeti;1;5;Medicinal Preparations (Drug Delivery);Germany (DPMA)
DE;A61K40;Singh, Mohini;1;5;Medicinal Preparations (Drug Delivery);Germany (DPMA)
DE;A61K40;Ansari, Shoeb Anwar;1;5;Medicinal Preparations (Drug Delivery);Germany (DPMA)
DE;A61K40;Tanguturi Yella, Sree Sudha;1;5;Medicinal Preparations (Drug Delivery);Germany (DPMA)
DE;A61K40;Das, Trishna;1;5;Medicinal Preparations (Drug Delivery);Germany (DPMA)
DE;A61L;Aesculap AG;40;1;Sterilisation, Disinfection;Germany (DPMA)
DE;A61L;Mahle International GmbH;34;2;Sterilisation, Disinfection;Germany (DPMA)
DE;A61L;AUDI AKTIENGESELLSCHAFT;20;3;Sterilisation, Disinfection;Germany (DPMA)
DE;A61L;FRAUNHOFER-GESELLSCHAFT ZUR FÖRDERUNG DER ANGEWANDTEN FORSCHUNG EINGETRAGENER VEREIN;19;4;Sterilisation, Disinfection;Germany (DPMA)
DE;A61L;OLYMPUS WINTER & IBE GMBH;19;4;Sterilisation, Disinfection;Germany (DPMA)
DE;A61L;BSH HAUSGERÄTE GMBH;18;5;Sterilisation, Disinfection;Germany (DPMA)
DE;A61L;Paul Hartmann AG;16;6;Sterilisation, Disinfection;Germany (DPMA)
DE;A61L;Ford Global Technologies, LLC;16;6;Sterilisation, Disinfection;Germany (DPMA)
DE;A61L;Bayerische Motoren Werke Aktiengesellschaft;16;6;Sterilisation, Disinfection;Germany (DPMA)
DE;A61L;CARL ZEISS MEDITEC AG;13;7;Sterilisation, Disinfection;Germany (DPMA)
DE;A61L;OXTI CORPORATION;12;8;Sterilisation, Disinfection;Germany (DPMA)
DE;A61L;LTS LOHMANN THERAPIE-SYSTEME AG.;11;9;Sterilisation, Disinfection;Germany (DPMA)
DE;A61L;Volkswagen Aktiengesellschaft;11;9;Sterilisation, Disinfection;Germany (DPMA)
DE;A61L;Mercedes-Benz Group AG;10;10;Sterilisation, Disinfection;Germany (DPMA)
DE;A61L;KARL LEIBINGER MEDIZINTECHNIK GMBH & CO. KG;10;10;Sterilisation, Disinfection;Germany (DPMA)
DE;A61L;KRONES AKTIENGESELLSCHAFT;10;10;Sterilisation, Disinfection;Germany (DPMA)
DE;A61L;DAIMLER AG;10;10;Sterilisation, Disinfection;Germany (DPMA)
DE;A61M;B. BRAUN MELSUNGEN AKTIENGESELLSCHAFT;115;1;Devices for Introducing Media;Germany (DPMA)
DE;A61M;Fresenius Medical Care Deutschland GmbH;96;2;Devices for Introducing Media;Germany (DPMA)
DE;A61M;DRÄGERWERK AG & CO. KGAA;80;3;Devices for Introducing Media;Germany (DPMA)
DE;A61M;Löwenstein Medical Technology S.A.;66;4;Devices for Introducing Media;Germany (DPMA)
DE;A61M;B.BRAUN AVITUM AG;57;5;Devices for Introducing Media;Germany (DPMA)
DE;A61M;Abiomed, Inc.;46;6;Devices for Introducing Media;Germany (DPMA)
DE;A61M;CARL ZEISS MEDITEC AG;26;7;Devices for Introducing Media;Germany (DPMA)
DE;A61M;BIOTRONIK AG;26;7;Devices for Introducing Media;Germany (DPMA)
DE;A61M;ABIOMED EUROPE GMBH;25;8;Devices for Introducing Media;Germany (DPMA)
DE;A61M;Medtronic, Inc.;24;9;Devices for Introducing Media;Germany (DPMA)
DE;A61M;HAMILTON MEDICAL AG;21;10;Devices for Introducing Media;Germany (DPMA)
DE;A61N;BIOTRONIK SE & CO. KG;40;1;Electrotherapy, Magnetotherapy;Germany (DPMA)
DE;A61N;SIEMENS HEALTHCARE GMBH;21;2;Electrotherapy, Magnetotherapy;Germany (DPMA)
DE;A61N;NEUROLOOP GMBH;14;3;Electrotherapy, Magnetotherapy;Germany (DPMA)
DE;A61N;HERAEUS DEUTSCHLAND GMBH & CO. KG;12;4;Electrotherapy, Magnetotherapy;Germany (DPMA)
DE;A61N;CARL ZEISS MEDITEC AG;11;5;Electrotherapy, Magnetotherapy;Germany (DPMA)
DE;A61N;FRAUNHOFER-GESELLSCHAFT ZUR FÖRDERUNG DER ANGEWANDTEN FORSCHUNG EINGETRAGENER VEREIN;9;6;Electrotherapy, Magnetotherapy;Germany (DPMA)
DE;A61N;Karl Storz SE & Co. KG;8;7;Electrotherapy, Magnetotherapy;Germany (DPMA)
DE;A61N;SIEMENS HEALTHINEERS AG;8;7;Electrotherapy, Magnetotherapy;Germany (DPMA)
DE;A61N;GYRUS ACMI, INC. D/B/A OLYMPUS SURGICAL TECHNOLOGIES AMERICA;8;7;Electrotherapy, Magnetotherapy;Germany (DPMA)
DE;A61N;Richard Wolf GmbH;8;7;Electrotherapy, Magnetotherapy;Germany (DPMA)
DE;A61N;Medtronic, Inc.;8;7;Electrotherapy, Magnetotherapy;Germany (DPMA)
DE;A61N;eaglefit GmbH;7;8;Electrotherapy, Magnetotherapy;Germany (DPMA)
DE;A61N;Dr. Hönle Medizintechnik GmbH;6;9;Electrotherapy, Magnetotherapy;Germany (DPMA)
DE;A61N;CINOGY GMBH;6;9;Electrotherapy, Magnetotherapy;Germany (DPMA)
DE;A61N;Bayerische Motoren Werke Aktiengesellschaft;6;9;Electrotherapy, Magnetotherapy;Germany (DPMA)
DE;A61N;OSYPKA AG;6;9;Electrotherapy, Magnetotherapy;Germany (DPMA)
DE;A61N;JK-HOLDING GMBH;5;10;Electrotherapy, Magnetotherapy;Germany (DPMA)
DE;A61N;JAPAN LIFELINE CO., LTD.;5;10;Electrotherapy, Magnetotherapy;Germany (DPMA)
DE;G16H;SIEMENS HEALTHCARE GMBH;117;1;Healthcare Informatics;Germany (DPMA)
DE;G16H;SIEMENS HEALTHINEERS AG;66;2;Healthcare Informatics;Germany (DPMA)
DE;G16H;FUJIFILM Corporation;39;3;Healthcare Informatics;Germany (DPMA)
DE;G16H;KONINKLIJKE PHILIPS N.V.;26;4;Healthcare Informatics;Germany (DPMA)
DE;G16H;OMRON HEALTHCARE CO., LTD.;25;5;Healthcare Informatics;Germany (DPMA)
DE;G16H;CARL ZEISS MEDITEC AG;24;6;Healthcare Informatics;Germany (DPMA)
DE;G16H;OLYMPUS WINTER & IBE GMBH;20;7;Healthcare Informatics;Germany (DPMA)
DE;G16H;International Business Machines Corporation;16;8;Healthcare Informatics;Germany (DPMA)
DE;G16H;Karl Storz SE & Co. KG;15;9;Healthcare Informatics;Germany (DPMA)
DE;G16H;CANON MEDICAL SYSTEMS CORPORATION;15;9;Healthcare Informatics;Germany (DPMA)
DE;G16H;DRÄGERWERK AG & CO. KGAA;14;10;Healthcare Informatics;Germany (DPMA)
DE;H05G;SIEMENS HEALTHCARE GMBH;89;1;X-ray Technique;Germany (DPMA)
DE;H05G;SIEMENS HEALTHINEERS AG;50;2;X-ray Technique;Germany (DPMA)
DE;H05G;CARL ZEISS SMT GMBH;14;3;X-ray Technique;Germany (DPMA)
DE;H05G;Moxtek, Inc.;12;4;X-ray Technique;Germany (DPMA)
DE;H05G;Nuctech Company Limited;4;5;X-ray Technique;Germany (DPMA)
DE;H05G;TRUMPF Lasersystems for Semiconductor Manufacturing SE;4;5;X-ray Technique;Germany (DPMA)
DE;H05G;ZIEHM IMAGING GMBH;4;5;X-ray Technique;Germany (DPMA)
DE;H05G;FUJIFILM Corporation;4;5;X-ray Technique;Germany (DPMA)
DE;H05G;TRUMPF LASERSYSTEMS FOR SEMICONDUCTOR MANUFACTURING GMBH;3;6;X-ray Technique;Germany (DPMA)
DE;H05G;Electronics and Telecommunications Research Institute;3;6;X-ray Technique;Germany (DPMA)
DE;H05G;Tsinghua University;3;6;X-ray Technique;Germany (DPMA)
DE;H05G;TRUMPF Laser SE;3;6;X-ray Technique;Germany (DPMA)
DE;H05G;KLA CORPORATION;2;7;X-ray Technique;Germany (DPMA)
DE;H05G;TRUMPF LASER GMBH;2;7;X-ray Technique;Germany (DPMA)
DE;H05G;SIGRAY, INC.;2;7;X-ray Technique;Germany (DPMA)
DE;H05G;Schaeffler Technologies AG & Co. KG;2;7;X-ray Technique;Germany (DPMA)
DE;H05G;WERTH MESSTECHNIK GMBH;2;7;X-ray Technique;Germany (DPMA)
DE;H05G;KONINKLIJKE PHILIPS N.V.;2;7;X-ray Technique;Germany (DPMA)
DE;H05G;Robert Bosch Gesellschaft mit beschränkter Haftung;1;8;X-ray Technique;Germany (DPMA)
DE;H05G;Aktiebolaget SKF;1;8;X-ray Technique;Germany (DPMA)
DE;H05G;Comet Yxlon GmbH;1;8;X-ray Technique;Germany (DPMA)
DE;H05G;Hamamatsu Photonics K.K.;1;8;X-ray Technique;Germany (DPMA)
DE;H05G;GRUBER, DANIEL;1;8;X-ray Technique;Germany (DPMA)
DE;H05G;ASML Netherlands B.V.;1;8;X-ray Technique;Germany (DPMA)
DE;H05G;The University of North Carolina at Chapel Hill;1;8;X-ray Technique;Germany (DPMA)
DE;H05G;Friedrich-Alexander-Universität Erlangen-Nürnberg, Körperschaft des öffentlichen Rechts;1;8;X-ray Technique;Germany (DPMA)
DE;H05G;NuRay Technology Co., Ltd.;1;8;X-ray Technique;Germany (DPMA)
DE;H05G;Rigaku Corporation;1;8;X-ray Technique;Germany (DPMA)
DE;H05G;Taiwan Semiconductor Manufacturing Co., Ltd.;1;8;X-ray Technique;Germany (DPMA)
DE;H05G;XORAN TECHNOLOGIES LLC;1;8;X-ray Technique;Germany (DPMA)
DE;H05G;Haufe und Schluck Patent GbR (vertretungsberechtigter Gesellschafter: Günther Haufe, 59399 Olfen);1;8;X-ray Technique;Germany (DPMA)
DE;H05G;DEMA Dieter Enghausen Maschinenbau GmbH;1;8;X-ray Technique;Germany (DPMA)
DE;H05G;MOXTEK INC.;1;8;X-ray Technique;Germany (DPMA)
DE;H05G;MINEBEA MITSUMI INC.;1;8;X-ray Technique;Germany (DPMA)
DE;H05G;CARL ZEISS MEDITEC AG;1;8;X-ray Technique;Germany (DPMA)
DE;H05G;HELMUT FISCHER GMBH INSTITUT FüR ELEKTRONIK UND MESSTECHNIK;1;8;X-ray Technique;Germany (DPMA)
DE;H05G;MEDIZINTECHNIK ST. EGIDIEN GMBH;1;8;X-ray Technique;Germany (DPMA)
DE;H05G;DEUTSCHES ZENTRUM FÜR LUFT- UND RAUMFAHRT E.V.;1;8;X-ray Technique;Germany (DPMA)
DE;H05G;ENERGY RESOURCES INTERNATIONAL CO.,LTD.;1;8;X-ray Technique;Germany (DPMA)
DE;H05G;GEORG-AUGUST-UNIVERSITÄT GÖTTINGEN STIFTUNG ÖFFENTLICHEN RECHTS;1;8;X-ray Technique;Germany (DPMA)
DE;H05G;WIPOTEC GMBH;1;8;X-ray Technique;Germany (DPMA)
DE;H05G;Mitsubishi Electric Corporation;1;8;X-ray Technique;Germany (DPMA)
DE;H05G;FRAUNHOFER-GESELLSCHAFT ZUR FÖRDERUNG DER ANGEWANDTEN FORSCHUNG EINGETRAGENER VEREIN;1;8;X-ray Technique;Germany (DPMA)
DE;H05G;COMET AG;1;8;X-ray Technique;Germany (DPMA)
DE;H05G;Analogic Corporation;1;8;X-ray Technique;Germany (DPMA)
DE;H05G;WUXI UNICOMP TECHNOLOGY CO., LTD;1;8;X-ray Technique;Germany (DPMA)
DE;H05G;ADAPTIX LTD.;1;8;X-ray Technique;Germany (DPMA)
DE;H05G;Welter, Herbert;1;8;X-ray Technique;Germany (DPMA)
DE;H05G;Erfindergemeinschaft Röntgenlithographie GbR (vertretungsberechtigter Gesellschafter: Dieter Beste, 40593 Düsseldorf);1;8;X-ray Technique;Germany (DPMA)
DE;H05G;INCOATEC GMBH;1;8;X-ray Technique;Germany (DPMA)
DE;H05G;foxbeam GmbH;1;8;X-ray Technique;Germany (DPMA)
DE;H05G;Otto-von-Guericke-Universität Magdeburg, Körperschaft des öffentlichen Rechts;1;8;X-ray Technique;Germany (DPMA)
DE;H05G;XENOCS SAS;1;8;X-ray Technique;Germany (DPMA)
DE;H05G;Omron Corporation;1;8;X-ray Technique;Germany (DPMA)
EP;A61B;Koninklijke Philips N.V.;1798;1;Diagnosis, Surgery, Identification;European Patent Office
EP;A61B;Covidien LP;890;2;Diagnosis, Surgery, Identification;European Patent Office
EP;A61B;Cilag GmbH International;465;3;Diagnosis, Surgery, Identification;European Patent Office
EP;A61B;Boston Scientific Scimed, Inc.;385;4;Diagnosis, Surgery, Identification;European Patent Office
EP;A61B;Biosense Webster (Israel) Ltd.;349;5;Diagnosis, Surgery, Identification;European Patent Office
EP;A61B;FUJIFILM Corporation;329;6;Diagnosis, Surgery, Identification;European Patent Office
EP;A61B;Medtronic, Inc.;297;7;Diagnosis, Surgery, Identification;European Patent Office
EP;A61B;Samsung Electronics Co., Ltd.;240;8;Diagnosis, Surgery, Identification;European Patent Office
EP;A61B;Biosense Webster (Israel) Ltd;221;9;Diagnosis, Surgery, Identification;European Patent Office
EP;A61B;Boston Scientific Scimed Inc.;203;10;Diagnosis, Surgery, Identification;European Patent Office
EP;A61C;Koninklijke Philips N.V.;193;1;Dentistry, Oral Hygiene;European Patent Office
EP;A61C;Ivoclar Vivadent AG;112;2;Dentistry, Oral Hygiene;European Patent Office
EP;A61C;Align Technology, Inc.;67;3;Dentistry, Oral Hygiene;European Patent Office
EP;A61C;Medit Corp.;55;4;Dentistry, Oral Hygiene;European Patent Office
EP;A61C;Kuraray Noritake Dental Inc.;50;5;Dentistry, Oral Hygiene;European Patent Office
EP;A61C;Solventum Intellectual Properties Company;49;6;Dentistry, Oral Hygiene;European Patent Office
EP;A61C;Dentsply Sirona Inc.;45;7;Dentistry, Oral Hygiene;European Patent Office
EP;A61C;3Shape A/S;45;7;Dentistry, Oral Hygiene;European Patent Office
EP;A61C;Sirona Dental Systems GmbH;39;8;Dentistry, Oral Hygiene;European Patent Office
EP;A61C;Ferton Holding S.A.;28;9;Dentistry, Oral Hygiene;European Patent Office
EP;A61C;3M Innovative Properties Company;28;9;Dentistry, Oral Hygiene;European Patent Office
EP;A61C;Colgate-Palmolive Company;24;10;Dentistry, Oral Hygiene;European Patent Office
EP;A61C;Braun GmbH;24;10;Dentistry, Oral Hygiene;European Patent Office
EP;A61C;Osstemimplant Co., Ltd.;24;10;Dentistry, Oral Hygiene;European Patent Office
EP;A61F;Edwards Lifesciences Corporation;436;1;Filters, Protheses, Orthotics;European Patent Office
EP;A61F;THE PROCTER & GAMBLE COMPANY;241;2;Filters, Protheses, Orthotics;European Patent Office
EP;A61F;ALCON INC.;191;3;Filters, Protheses, Orthotics;European Patent Office
EP;A61F;Ontex Group NV;136;4;Filters, Protheses, Orthotics;European Patent Office
EP;A61F;Ontex BV;135;5;Filters, Protheses, Orthotics;European Patent Office
EP;A61F;Boston Scientific Scimed, Inc.;108;6;Filters, Protheses, Orthotics;European Patent Office
EP;A61F;Carl Zeiss Meditec AG;100;7;Filters, Protheses, Orthotics;European Patent Office
EP;A61F;Medtronic, Inc.;92;8;Filters, Protheses, Orthotics;European Patent Office
EP;A61F;Johnson & Johnson Surgical Vision, Inc.;91;9;Filters, Protheses, Orthotics;European Patent Office
EP;A61F;Purewick Corporation;83;10;Filters, Protheses, Orthotics;European Patent Office
EP;A61G;Hill-Rom Services, Inc.;52;1;Transport, Personal Conveyances;European Patent Office
EP;A61G;Auris Health, Inc.;20;2;Transport, Personal Conveyances;European Patent Office
EP;A61G;Koninklijke Philips N.V.;20;2;Transport, Personal Conveyances;European Patent Office
EP;A61G;The Braun Corporation;19;3;Transport, Personal Conveyances;European Patent Office
EP;A61G;STRYKER CORPORATION;17;4;Transport, Personal Conveyances;European Patent Office
EP;A61G;Stryker Corporation;16;5;Transport, Personal Conveyances;European Patent Office
EP;A61G;Liko Research & Development AB;13;6;Transport, Personal Conveyances;European Patent Office
EP;A61G;Arjo IP Holding Aktiebolag;12;7;Transport, Personal Conveyances;European Patent Office
EP;A61G;Warsaw Orthopedic, Inc.;10;8;Transport, Personal Conveyances;European Patent Office
EP;A61G;Baxter Medical Systems GmbH + Co. KG;10;8;Transport, Personal Conveyances;European Patent Office
EP;A61G;Maquet GmbH;9;9;Transport, Personal Conveyances;European Patent Office
EP;A61G;Invacare International GmbH;8;10;Transport, Personal Conveyances;European Patent Office
EP;A61G;LINET spol. s r.o.;8;10;Transport, Personal Conveyances;European Patent Office
EP;A61H;Samsung Electronics Co., Ltd.;35;1;Physical Therapy Apparatus;European Patent Office
EP;A61H;Koninklijke Philips N.V.;11;2;Physical Therapy Apparatus;European Patent Office
EP;A61H;Roam Robotics Inc.;11;2;Physical Therapy Apparatus;European Patent Office
EP;A61H;Bestway Inflatables & Material Corp.;10;3;Physical Therapy Apparatus;European Patent Office
EP;A61H;Therabody, Inc.;10;3;Physical Therapy Apparatus;European Patent Office
EP;A61H;Bullfrog International, LC;9;4;Physical Therapy Apparatus;European Patent Office
EP;A61H;Intex Marketing Ltd.;8;5;Physical Therapy Apparatus;European Patent Office
EP;A61H;Hill-Rom Services, Inc.;7;6;Physical Therapy Apparatus;European Patent Office
EP;A61H;SEB S.A.;7;6;Physical Therapy Apparatus;European Patent Office
EP;A61H;Cyberdyne Inc.;7;6;Physical Therapy Apparatus;European Patent Office
EP;A61H;Vanderbilt University;6;7;Physical Therapy Apparatus;European Patent Office
EP;A61H;Fondazione Istituto Italiano di Tecnologia;6;7;Physical Therapy Apparatus;European Patent Office
EP;A61H;Klafs GmbH;6;7;Physical Therapy Apparatus;European Patent Office
EP;A61H;EIS GmbH;6;7;Physical Therapy Apparatus;European Patent Office
EP;A61H;Hill-Rom Services Pte. Ltd.;6;7;Physical Therapy Apparatus;European Patent Office
EP;A61H;Tao Mining Co., Ltd.;6;7;Physical Therapy Apparatus;European Patent Office
EP;A61H;Shenzhen S-Hande Technology Co., Ltd.;6;7;Physical Therapy Apparatus;European Patent Office
EP;A61H;Wandercraft;5;8;Physical Therapy Apparatus;European Patent Office
EP;A61H;LG Electronics Inc.;5;8;Physical Therapy Apparatus;European Patent Office
EP;A61H;Dephy, Inc.;5;8;Physical Therapy Apparatus;European Patent Office
EP;A61H;Oriental Recreational Products (Shanghai) Co., Ltd;5;8;Physical Therapy Apparatus;European Patent Office
EP;A61H;Hyperice IP SubCo, LLC;5;8;Physical Therapy Apparatus;European Patent Office
EP;A61H;Mysteryvibe Limited;5;8;Physical Therapy Apparatus;European Patent Office
EP;A61H;H Robotics Inc.;5;8;Physical Therapy Apparatus;European Patent Office
EP;A61H;Sony Group Corporation;5;8;Physical Therapy Apparatus;European Patent Office
EP;A61H;Seoul National University R & DB Foundation;5;8;Physical Therapy Apparatus;European Patent Office
EP;A61H;CU Medical Systems Inc.;5;8;Physical Therapy Apparatus;European Patent Office
EP;A61H;Toyota Jidosha Kabushiki Kaisha;5;8;Physical Therapy Apparatus;European Patent Office
EP;A61H;Able Human Motion, S.L.;5;8;Physical Therapy Apparatus;European Patent Office
EP;A61H;Arjo IP Holding Aktiebolag;5;8;Physical Therapy Apparatus;European Patent Office
EP;A61H;Fenix Group S.r.l.;4;9;Physical Therapy Apparatus;European Patent Office
EP;A61H;Moving Life Ltd;4;9;Physical Therapy Apparatus;European Patent Office
EP;A61H;Mezzoli, Giorgio;4;9;Physical Therapy Apparatus;European Patent Office
EP;A61H;National University of Singapore;4;9;Physical Therapy Apparatus;European Patent Office
EP;A61H;The Regents of the University of California;4;9;Physical Therapy Apparatus;European Patent Office
EP;A61H;Rani, Maria;4;9;Physical Therapy Apparatus;European Patent Office
EP;A61H;JTL Enterprises, Inc.;4;9;Physical Therapy Apparatus;European Patent Office
EP;A61H;Mobility Designed, Inc.;4;9;Physical Therapy Apparatus;European Patent Office
EP;A61H;Conair LLC;4;9;Physical Therapy Apparatus;European Patent Office
EP;A61H;Zhejiang Yihengyue Medical Technology Co., Ltd;4;9;Physical Therapy Apparatus;European Patent Office
EP;A61H;Techno Takatsuki Co., Ltd.;4;9;Physical Therapy Apparatus;European Patent Office
EP;A61H;Nabtesco Corporation;4;9;Physical Therapy Apparatus;European Patent Office
EP;A61H;Ossur Iceland EHF;4;9;Physical Therapy Apparatus;European Patent Office
EP;A61H;Seoul National University Hospital;4;9;Physical Therapy Apparatus;European Patent Office
EP;A61H;LG Electronics, Inc.;4;9;Physical Therapy Apparatus;European Patent Office
EP;A61H;Universität Heidelberg;4;9;Physical Therapy Apparatus;European Patent Office
EP;A61H;Seirin Corporation;3;10;Physical Therapy Apparatus;European Patent Office
EP;A61H;STRYKER CORPORATION;3;10;Physical Therapy Apparatus;European Patent Office
EP;A61H;ASIA UNIVERSITY;3;10;Physical Therapy Apparatus;European Patent Office
EP;A61H;AISIN CORPORATION;3;10;Physical Therapy Apparatus;European Patent Office
EP;A61H;Hexarhumancare Co., Ltd;3;10;Physical Therapy Apparatus;European Patent Office
EP;A61H;Stimit AG;3;10;Physical Therapy Apparatus;European Patent Office
EP;A61H;Medivr, Inc.;3;10;Physical Therapy Apparatus;European Patent Office
EP;A61H;Koya Medical, Inc.;3;10;Physical Therapy Apparatus;European Patent Office
EP;A61H;Essity Hygiene and Health Aktiebolag;3;10;Physical Therapy Apparatus;European Patent Office
EP;A61H;ATEK;3;10;Physical Therapy Apparatus;European Patent Office
EP;A61H;Toray Industries, Inc.;3;10;Physical Therapy Apparatus;European Patent Office
EP;A61H;JK-Holding GmbH;3;10;Physical Therapy Apparatus;European Patent Office
EP;A61H;Mattheiss, Gerd;3;10;Physical Therapy Apparatus;European Patent Office
EP;A61H;SHANGHAI FOURIER INTELLIGENCE CO., LTD;3;10;Physical Therapy Apparatus;European Patent Office
EP;A61H;Topro Industri AS;3;10;Physical Therapy Apparatus;European Patent Office
EP;A61H;ETH Zurich;3;10;Physical Therapy Apparatus;European Patent Office
EP;A61H;Aletha Inc.;3;10;Physical Therapy Apparatus;European Patent Office
EP;A61H;suitX, Inc.;3;10;Physical Therapy Apparatus;European Patent Office
EP;A61H;Ankon Medical Technologies (Shanghai) Co., Ltd;3;10;Physical Therapy Apparatus;European Patent Office
EP;A61H;BB3000M d.o.o.;3;10;Physical Therapy Apparatus;European Patent Office
EP;A61H;Prestan Products LLC;3;10;Physical Therapy Apparatus;European Patent Office
EP;A61H;Ceragem Co., Ltd.;3;10;Physical Therapy Apparatus;European Patent Office
EP;A61H;Physio-Control, Inc.;3;10;Physical Therapy Apparatus;European Patent Office
EP;A61H;Aatru Medical, LLC;3;10;Physical Therapy Apparatus;European Patent Office
EP;A61H;I.N.A.I.L. ISTITUTO NAZIONALE PER L'ASSICURAZIONE CONTRO GLI INFORTUNI SUL LAVORO;3;10;Physical Therapy Apparatus;European Patent Office
EP;A61J;Koninklijke Philips N.V.;31;1;Containers for Medicines;European Patent Office
EP;A61J;Becton, Dickinson and Company;31;1;Containers for Medicines;European Patent Office
EP;A61J;B. Braun Melsungen AG;23;2;Containers for Medicines;European Patent Office
EP;A61J;TERUMO Kabushiki Kaisha;21;3;Containers for Medicines;European Patent Office
EP;A61J;Amgen Inc.;12;4;Containers for Medicines;European Patent Office
EP;A61J;Fresenius Kabi Deutschland GmbH;12;4;Containers for Medicines;European Patent Office
EP;A61J;YUYAMA MFG. CO., LTD.;12;4;Containers for Medicines;European Patent Office
EP;A61J;Baxter Healthcare SA;12;4;Containers for Medicines;European Patent Office
EP;A61J;Tosho, Inc.;12;4;Containers for Medicines;European Patent Office
EP;A61J;Baxter International Inc.;11;5;Containers for Medicines;European Patent Office
EP;A61J;Fresenius Medical Care Deutschland GmbH;10;6;Containers for Medicines;European Patent Office
EP;A61J;Harro Höfliger Verpackungsmaschinen GmbH;10;6;Containers for Medicines;European Patent Office
EP;A61J;Becton Dickinson France;10;6;Containers for Medicines;European Patent Office
EP;A61J;Bristol-Myers Squibb Company;9;7;Containers for Medicines;European Patent Office
EP;A61J;FUJIFILM Toyama Chemical Co., Ltd.;9;7;Containers for Medicines;European Patent Office
EP;A61J;Qualicaps Co., Ltd.;9;7;Containers for Medicines;European Patent Office
EP;A61J;Corning Incorporated;8;8;Containers for Medicines;European Patent Office
EP;A61J;F. Hoffmann-La Roche AG;7;9;Containers for Medicines;European Patent Office
EP;A61J;SCHOTT Pharma Schweiz AG;7;9;Containers for Medicines;European Patent Office
EP;A61J;Koska Family Limited;7;9;Containers for Medicines;European Patent Office
EP;A61J;Taisei Kako Co., Ltd.;7;9;Containers for Medicines;European Patent Office
EP;A61J;Daikyo Seiko, LTD.;6;10;Containers for Medicines;European Patent Office
EP;A61J;SiO2 Medical Products, Inc.;6;10;Containers for Medicines;European Patent Office
EP;A61J;Mayborn (UK) Limited;6;10;Containers for Medicines;European Patent Office
EP;A61J;PHC Holdings Corporation;6;10;Containers for Medicines;European Patent Office
EP;A61J;SCHOTT Pharma AG & Co. KGaA;6;10;Containers for Medicines;European Patent Office
EP;A61J;SHL Medical AG;6;10;Containers for Medicines;European Patent Office
EP;A61K40;The Regents of the University of California;37;1;Medicinal Preparations (Drug Delivery);European Patent Office
EP;A61K40;GH Research Ireland Limited;30;2;Medicinal Preparations (Drug Delivery);European Patent Office
EP;A61K40;Centre National de la Recherche Scientifique;23;3;Medicinal Preparations (Drug Delivery);European Patent Office
EP;A61K40;Dana-Farber Cancer Institute, Inc.;20;4;Medicinal Preparations (Drug Delivery);European Patent Office
EP;A61K40;SANOFI;19;5;Medicinal Preparations (Drug Delivery);European Patent Office
EP;A61K40;Caamtech, Inc.;17;6;Medicinal Preparations (Drug Delivery);European Patent Office
EP;A61K40;Board of Regents, The University of Texas System;17;6;Medicinal Preparations (Drug Delivery);European Patent Office
EP;A61K40;Shiseido Company, Ltd.;16;7;Medicinal Preparations (Drug Delivery);European Patent Office
EP;A61K40;L'Oreal;15;8;Medicinal Preparations (Drug Delivery);European Patent Office
EP;A61K40;Novartis AG;14;9;Medicinal Preparations (Drug Delivery);European Patent Office
EP;A61K40;GW Research Limited;13;10;Medicinal Preparations (Drug Delivery);European Patent Office
EP;A61K40;Merck Sharp & Dohme LLC;13;10;Medicinal Preparations (Drug Delivery);European Patent Office
EP;A61K40;IFM Due, Inc.;13;10;Medicinal Preparations (Drug Delivery);European Patent Office
EP;A61K40;Vertex Pharmaceuticals Incorporated;13;10;Medicinal Preparations (Drug Delivery);European Patent Office
EP;A61K40;Janssen Pharmaceuticals, Inc.;13;10;Medicinal Preparations (Drug Delivery);European Patent Office
EP;A61L;The Boeing Company;71;1;Sterilisation, Disinfection;European Patent Office
EP;A61L;Signify Holding B.V.;51;2;Sterilisation, Disinfection;European Patent Office
EP;A61L;LG Electronics Inc.;49;3;Sterilisation, Disinfection;European Patent Office
EP;A61L;Ushio Denki Kabushiki Kaisha;44;4;Sterilisation, Disinfection;European Patent Office
EP;A61L;Becton, Dickinson and Company;37;5;Sterilisation, Disinfection;European Patent Office
EP;A61L;Centre National de la Recherche Scientifique;29;6;Sterilisation, Disinfection;European Patent Office
EP;A61L;THE PROCTER & GAMBLE COMPANY;27;7;Sterilisation, Disinfection;European Patent Office
EP;A61L;Hollister Incorporated;26;8;Sterilisation, Disinfection;European Patent Office
EP;A61L;LG Chem, Ltd.;24;9;Sterilisation, Disinfection;European Patent Office
EP;A61L;TERUMO Kabushiki Kaisha;23;10;Sterilisation, Disinfection;European Patent Office
EP;A61L;Koninklijke Philips N.V.;23;10;Sterilisation, Disinfection;European Patent Office
EP;A61L;Zobele Holding SpA;23;10;Sterilisation, Disinfection;European Patent Office
EP;A61M;Becton, Dickinson and Company;476;1;Devices for Introducing Media;European Patent Office
EP;A61M;Koninklijke Philips N.V.;217;2;Devices for Introducing Media;European Patent Office
EP;A61M;SANOFI;200;3;Devices for Introducing Media;European Patent Office
EP;A61M;SHL Medical AG;184;4;Devices for Introducing Media;European Patent Office
EP;A61M;TERUMO Kabushiki Kaisha;137;5;Devices for Introducing Media;European Patent Office
EP;A61M;Fresenius Medical Care Deutschland GmbH;126;6;Devices for Introducing Media;European Patent Office
EP;A61M;Becton Dickinson France;121;7;Devices for Introducing Media;European Patent Office
EP;A61M;Ypsomed AG;119;8;Devices for Introducing Media;European Patent Office
EP;A61M;Bard Access Systems, Inc.;119;8;Devices for Introducing Media;European Patent Office
EP;A61M;Baxter International Inc.;118;9;Devices for Introducing Media;European Patent Office
EP;A61M;CareFusion 303, Inc.;114;10;Devices for Introducing Media;European Patent Office
EP;A61N;Medtronic, Inc.;369;1;Electrotherapy, Magnetotherapy;European Patent Office
EP;A61N;BIOTRONIK SE & Co. KG;235;2;Electrotherapy, Magnetotherapy;European Patent Office
EP;A61N;Boston Scientific Neuromodulation Corporation;152;3;Electrotherapy, Magnetotherapy;European Patent Office
EP;A61N;Koninklijke Philips N.V.;143;4;Electrotherapy, Magnetotherapy;European Patent Office
EP;A61N;Novocure GmbH;110;5;Electrotherapy, Magnetotherapy;European Patent Office
EP;A61N;Siemens Healthineers International AG;70;6;Electrotherapy, Magnetotherapy;European Patent Office
EP;A61N;Cochlear Limited;60;7;Electrotherapy, Magnetotherapy;European Patent Office
EP;A61N;Elekta Limited;55;8;Electrotherapy, Magnetotherapy;European Patent Office
EP;A61N;ADVANCED NEUROMODULATION SYSTEMS, INC.;54;9;Electrotherapy, Magnetotherapy;European Patent Office
EP;A61N;Pacesetter, Inc.;41;10;Electrotherapy, Magnetotherapy;European Patent Office
EP;G16H;Koninklijke Philips N.V.;736;1;Healthcare Informatics;European Patent Office
EP;G16H;F. Hoffmann-La Roche AG;145;2;Healthcare Informatics;European Patent Office
EP;G16H;Cilag GmbH International;100;3;Healthcare Informatics;European Patent Office
EP;G16H;Insulet Corporation;87;4;Healthcare Informatics;European Patent Office
EP;G16H;Siemens Healthcare GmbH;75;5;Healthcare Informatics;European Patent Office
EP;G16H;Medtronic, Inc.;73;6;Healthcare Informatics;European Patent Office
EP;G16H;FUJIFILM Corporation;65;7;Healthcare Informatics;European Patent Office
EP;G16H;Roche Diagnostics GmbH;64;8;Healthcare Informatics;European Patent Office
EP;G16H;GE Precision Healthcare LLC;60;9;Healthcare Informatics;European Patent Office
EP;G16H;Samsung Electronics Co., Ltd.;51;10;Healthcare Informatics;European Patent Office
EP;H05G;Koninklijke Philips N.V.;50;1;X-ray Technique;European Patent Office
EP;H05G;ASML Netherlands B.V.;40;2;X-ray Technique;European Patent Office
EP;H05G;Excillum AB;14;3;X-ray Technique;European Patent Office
EP;H05G;Ushio Denki Kabushiki Kaisha;12;4;X-ray Technique;European Patent Office
EP;H05G;GE Precision Healthcare LLC;11;5;X-ray Technique;European Patent Office
EP;H05G;Hamamatsu Photonics K.K.;7;6;X-ray Technique;European Patent Office
EP;H05G;KLA Corporation;5;7;X-ray Technique;European Patent Office
EP;H05G;TRUMPF Lasersystems for Semiconductor Manufacturing GmbH;5;7;X-ray Technique;European Patent Office
EP;H05G;ISTEQ B.V.;5;7;X-ray Technique;European Patent Office
EP;H05G;AIXSCAN, Inc.;5;7;X-ray Technique;European Patent Office
EP;H05G;Canon Anelva Corporation;4;8;X-ray Technique;European Patent Office
EP;H05G;ISTEQ GROUP HOLDING B.V.;4;8;X-ray Technique;European Patent Office
EP;H05G;TRUMPF Lasersystems for Semiconductor Manufacturing SE;4;8;X-ray Technique;European Patent Office
EP;H05G;Arizona Board of Regents on behalf of Arizona State University;4;8;X-ray Technique;European Patent Office
EP;H05G;Shanghai United Imaging Healthcare Co., Ltd.;4;8;X-ray Technique;European Patent Office
EP;H05G;Hologic, Inc.;3;9;X-ray Technique;European Patent Office
EP;H05G;Nuctech Company Limited;3;9;X-ray Technique;European Patent Office
EP;H05G;Sociedad Española De Electromedicina Y Calidad, S. A.;3;9;X-ray Technique;European Patent Office
EP;H05G;Carl Zeiss SMT GmbH;3;9;X-ray Technique;European Patent Office
EP;H05G;Carl Zeiss X-Ray Microscopy, Inc.;3;9;X-ray Technique;European Patent Office
EP;H05G;Energetiq Technology, Inc.;3;9;X-ray Technique;European Patent Office
EP;H05G;Siemens Healthineers AG;3;9;X-ray Technique;European Patent Office
EP;H05G;Incoatec GmbH;2;10;X-ray Technique;European Patent Office
EP;H05G;Vatech Co., Ltd.;2;10;X-ray Technique;European Patent Office
EP;H05G;USHIO Denki Kabushiki Kaisha;2;10;X-ray Technique;European Patent Office
EP;H05G;FUJIFILM Corporation;2;10;X-ray Technique;European Patent Office
EP;H05G;REMEDI CO., LTD;2;10;X-ray Technique;European Patent Office
EP;H05G;The Johns Hopkins University;2;10;X-ray Technique;European Patent Office
EP;H05G;Tsinghua University;2;10;X-ray Technique;European Patent Office
EP;H05G;Siemens Healthcare GmbH;2;10;X-ray Technique;European Patent Office
EP;H05G;LG Electronics Inc.;2;10;X-ray Technique;European Patent Office
EP;H05G;NANO-X IMAGING LTD;2;10;X-ray Technique;European Patent Office
US;A61B;Covidien LP;2056;1;Diagnosis, Surgery, Identification;United States (USPTO)
US;A61B;Cilag GmbH International;1612;2;Diagnosis, Surgery, Identification;United States (USPTO)
US;A61B;Boston Scientific Scimed, Inc.;1048;3;Diagnosis, Surgery, Identification;United States (USPTO)
US;A61B;Koninklijke Philips N.V.;994;4;Diagnosis, Surgery, Identification;United States (USPTO)
US;A61B;Fujifilm Corporation;937;5;Diagnosis, Surgery, Identification;United States (USPTO)
US;A61B;Intuitive Surgical Operations, Inc.;834;6;Diagnosis, Surgery, Identification;United States (USPTO)
US;A61B;Olympus Corporation;794;7;Diagnosis, Surgery, Identification;United States (USPTO)
US;A61B;Biosense Webster (Israel) Ltd.;713;8;Diagnosis, Surgery, Identification;United States (USPTO)
US;A61B;Globus Medical, Inc.;562;9;Diagnosis, Surgery, Identification;United States (USPTO)
US;A61B;Siemens Healthcare GmbH;561;10;Diagnosis, Surgery, Identification;United States (USPTO)
US;A61C;Align Technology, Inc.;565;1;Dentistry, Oral Hygiene;United States (USPTO)
US;A61C;Ivoclar Vivadent AG;104;2;Dentistry, Oral Hygiene;United States (USPTO)
US;A61C;DENTSPLY SIRONA INC.;79;3;Dentistry, Oral Hygiene;United States (USPTO)
US;A61C;MEDIT CORP.;71;4;Dentistry, Oral Hygiene;United States (USPTO)
US;A61C;Colgate-Palmolive Company;69;5;Dentistry, Oral Hygiene;United States (USPTO)
US;A61C;3M Innovative Properties Company;69;5;Dentistry, Oral Hygiene;United States (USPTO)
US;A61C;Koninklijke Philips N.V.;68;6;Dentistry, Oral Hygiene;United States (USPTO)
US;A61C;Oxilio Ltd;63;7;Dentistry, Oral Hygiene;United States (USPTO)
US;A61C;James R. Glidewell Dental Ceramics, Inc.;49;8;Dentistry, Oral Hygiene;United States (USPTO)
US;A61C;3SHAPE A/S;44;9;Dentistry, Oral Hygiene;United States (USPTO)
US;A61C;SDC U.S. SmilePay SPV;42;10;Dentistry, Oral Hygiene;United States (USPTO)
US;A61F;Edwards Lifesciences Corporation;698;1;Filters, Protheses, Orthotics;United States (USPTO)
US;A61F;The Procter & Gamble Company;564;2;Filters, Protheses, Orthotics;United States (USPTO)
US;A61F;Boston Scientific Scimed, Inc.;397;3;Filters, Protheses, Orthotics;United States (USPTO)
US;A61F;Alcon Inc.;381;4;Filters, Protheses, Orthotics;United States (USPTO)
US;A61F;Globus Medical, Inc.;261;5;Filters, Protheses, Orthotics;United States (USPTO)
US;A61F;Howmedica Osteonics Corp.;189;6;Filters, Protheses, Orthotics;United States (USPTO)
US;A61F;SMITH & NEPHEW, INC.;186;7;Filters, Protheses, Orthotics;United States (USPTO)
US;A61F;DePuy Synthes Products, Inc.;181;8;Filters, Protheses, Orthotics;United States (USPTO)
US;A61F;Medtronic, Inc.;169;9;Filters, Protheses, Orthotics;United States (USPTO)
US;A61F;Medtronic Vascular, Inc.;157;10;Filters, Protheses, Orthotics;United States (USPTO)
US;A61G;Stryker Corporation;334;1;Transport, Personal Conveyances;United States (USPTO)
US;A61G;Hill-Rom Services, Inc.;133;2;Transport, Personal Conveyances;United States (USPTO)
US;A61G;WARSAW ORTHOPEDIC, INC.;47;3;Transport, Personal Conveyances;United States (USPTO)
US;A61G;Augustine Biomedical + Design, LLC;41;4;Transport, Personal Conveyances;United States (USPTO)
US;A61G;The Braun Corporation;32;5;Transport, Personal Conveyances;United States (USPTO)
US;A61G;Toyota Jidosha Kabushiki Kaisha;31;6;Transport, Personal Conveyances;United States (USPTO)
US;A61G;Sage Products, LLC;28;7;Transport, Personal Conveyances;United States (USPTO)
US;A61G;GE Precision Healthcare LLC;24;8;Transport, Personal Conveyances;United States (USPTO)
US;A61G;Liko Research & Development AB;24;8;Transport, Personal Conveyances;United States (USPTO)
US;A61G;LG Electronics Inc.;23;9;Transport, Personal Conveyances;United States (USPTO)
US;A61G;TOYOTA MOTOR NORTH AMERICA, INC.;23;9;Transport, Personal Conveyances;United States (USPTO)
US;A61G;Sleep Number Corporation;22;10;Transport, Personal Conveyances;United States (USPTO)
US;A61H;ZOLL Medical Corporation;75;1;Physical Therapy Apparatus;United States (USPTO)
US;A61H;Samsung Electronics Co., Ltd.;66;2;Physical Therapy Apparatus;United States (USPTO)
US;A61H;Toyota Jidosha Kabushiki Kaisha;61;3;Physical Therapy Apparatus;United States (USPTO)
US;A61H;THERABODY, INC.;46;4;Physical Therapy Apparatus;United States (USPTO)
US;A61H;HYTTO PTE. LTD.;40;5;Physical Therapy Apparatus;United States (USPTO)
US;A61H;PHYSIO-CONTROL, INC.;35;6;Physical Therapy Apparatus;United States (USPTO)
US;A61H;Hyundai Motor Company;31;7;Physical Therapy Apparatus;United States (USPTO)
US;A61H;BODYFRIEND CO., LTD.;28;8;Physical Therapy Apparatus;United States (USPTO)
US;A61H;KIA CORPORATION;22;9;Physical Therapy Apparatus;United States (USPTO)
US;A61H;Roam Robotics Inc.;20;10;Physical Therapy Apparatus;United States (USPTO)
US;A61J;Corning Incorporated;44;1;Containers for Medicines;United States (USPTO)
US;A61J;Express Scripts Strategic Development, Inc.;40;2;Containers for Medicines;United States (USPTO)
US;A61J;CareFusion 303, Inc.;37;3;Containers for Medicines;United States (USPTO)
US;A61J;DEKA Products Limited Partnership;33;4;Containers for Medicines;United States (USPTO)
US;A61J;ICU Medical, Inc.;28;5;Containers for Medicines;United States (USPTO)
US;A61J;Becton, Dickinson and Company;25;6;Containers for Medicines;United States (USPTO)
US;A61J;Amgen Inc.;24;7;Containers for Medicines;United States (USPTO)
US;A61J;SCHOTT Pharma Schweiz AG;23;8;Containers for Medicines;United States (USPTO)
US;A61J;SCHOTT PHARMA AG & CO. KGAA;20;9;Containers for Medicines;United States (USPTO)
US;A61J;Koninklijke Philips N.V.;19;10;Containers for Medicines;United States (USPTO)
US;A61K40;The Regents of the University of California;72;1;Medicinal Preparations (Drug Delivery);United States (USPTO)
US;A61K40;AXSOME THERAPEUTICS, INC.;48;2;Medicinal Preparations (Drug Delivery);United States (USPTO)
US;A61K40;The Johns Hopkins University;35;3;Medicinal Preparations (Drug Delivery);United States (USPTO)
US;A61K40;Novartis AG;32;4;Medicinal Preparations (Drug Delivery);United States (USPTO)
US;A61K40;Amarin Pharmaceuticals Ireland Limited;28;5;Medicinal Preparations (Drug Delivery);United States (USPTO)
US;A61K40;Pfizer Inc.;26;6;Medicinal Preparations (Drug Delivery);United States (USPTO)
US;A61K40;CAAMTECH, INC.;24;7;Medicinal Preparations (Drug Delivery);United States (USPTO)
US;A61K40;Vertex Pharmaceuticals Incorporated;23;8;Medicinal Preparations (Drug Delivery);United States (USPTO)
US;A61K40;GW Research Limited;22;9;Medicinal Preparations (Drug Delivery);United States (USPTO)
US;A61K40;GH RESEARCH IRELAND LIMITED;22;9;Medicinal Preparations (Drug Delivery);United States (USPTO)
US;A61K40;Dana-Farber Cancer Institute, Inc.;22;9;Medicinal Preparations (Drug Delivery);United States (USPTO)
US;A61K40;Board of Regents, The University of Texas System;21;10;Medicinal Preparations (Drug Delivery);United States (USPTO)
US;A61L;The Procter & Gamble Company;117;1;Sterilisation, Disinfection;United States (USPTO)
US;A61L;The Boeing Company;88;2;Sterilisation, Disinfection;United States (USPTO)
US;A61L;Boston Scientific Scimed, Inc.;79;3;Sterilisation, Disinfection;United States (USPTO)
US;A61L;Cilag GmbH International;73;4;Sterilisation, Disinfection;United States (USPTO)
US;A61L;Ethicon, Inc.;69;5;Sterilisation, Disinfection;United States (USPTO)
US;A61L;LG Electronics Inc.;64;6;Sterilisation, Disinfection;United States (USPTO)
US;A61L;Becton, Dickinson and Company;61;7;Sterilisation, Disinfection;United States (USPTO)
US;A61L;3M Innovative Properties Company;54;8;Sterilisation, Disinfection;United States (USPTO)
US;A61L;The Regents of the University of California;52;9;Sterilisation, Disinfection;United States (USPTO)
US;A61L;SIGNIFY HOLDING B.V.;47;10;Sterilisation, Disinfection;United States (USPTO)
US;A61M;Becton, Dickinson and Company;780;1;Devices for Introducing Media;United States (USPTO)
US;A61M;ResMed Pty Ltd;514;2;Devices for Introducing Media;United States (USPTO)
US;A61M;Fisher & Paykel Healthcare Limited;461;3;Devices for Introducing Media;United States (USPTO)
US;A61M;Boston Scientific Scimed, Inc.;350;4;Devices for Introducing Media;United States (USPTO)
US;A61M;CareFusion 303, Inc.;282;5;Devices for Introducing Media;United States (USPTO)
US;A61M;Terumo Kabushiki Kaisha;261;6;Devices for Introducing Media;United States (USPTO)
US;A61M;SHL MEDICAL AG;257;7;Devices for Introducing Media;United States (USPTO)
US;A61M;Sanofi;246;8;Devices for Introducing Media;United States (USPTO)
US;A61M;Covidien LP;231;9;Devices for Introducing Media;United States (USPTO)
US;A61M;Medtronic Minimed, Inc.;212;10;Devices for Introducing Media;United States (USPTO)
US;A61M;Medtronic, Inc.;212;10;Devices for Introducing Media;United States (USPTO)
US;A61N;Medtronic, Inc.;761;1;Electrotherapy, Magnetotherapy;United States (USPTO)
US;A61N;Boston Scientific Neuromodulation Corporation;320;2;Electrotherapy, Magnetotherapy;United States (USPTO)
US;A61N;Pacesetter, Inc.;227;3;Electrotherapy, Magnetotherapy;United States (USPTO)
US;A61N;ZOLL Medical Corporation;213;4;Electrotherapy, Magnetotherapy;United States (USPTO)
US;A61N;Cochlear Limited;189;5;Electrotherapy, Magnetotherapy;United States (USPTO)
US;A61N;Novocure GmbH;178;6;Electrotherapy, Magnetotherapy;United States (USPTO)
US;A61N;BIOTRONIK SE & CO. KG;176;7;Electrotherapy, Magnetotherapy;United States (USPTO)
US;A61N;Cardiac Pacemakers, Inc.;146;8;Electrotherapy, Magnetotherapy;United States (USPTO)
US;A61N;Varian Medical Systems, Inc.;146;8;Electrotherapy, Magnetotherapy;United States (USPTO)
US;A61N;Siemens Healthineers International AG;125;9;Electrotherapy, Magnetotherapy;United States (USPTO)
US;A61N;Advanced Neuromodulation Systems, Inc.;117;10;Electrotherapy, Magnetotherapy;United States (USPTO)
US;G16H;Koninklijke Philips N.V.;504;1;Healthcare Informatics;United States (USPTO)
US;G16H;International Business Machines Corporation;299;2;Healthcare Informatics;United States (USPTO)
US;G16H;Fujifilm Corporation;278;3;Healthcare Informatics;United States (USPTO)
US;G16H;Siemens Healthcare GmbH;253;4;Healthcare Informatics;United States (USPTO)
US;G16H;CANON MEDICAL SYSTEMS CORPORATION;247;5;Healthcare Informatics;United States (USPTO)
US;G16H;GE Precision Healthcare LLC;230;6;Healthcare Informatics;United States (USPTO)
US;G16H;Cilag GmbH International;206;7;Healthcare Informatics;United States (USPTO)
US;G16H;KPN INNOVATIONS, LLC.;194;8;Healthcare Informatics;United States (USPTO)
US;G16H;DexCom, Inc.;182;9;Healthcare Informatics;United States (USPTO)
US;G16H;Align Technology, Inc.;150;10;Healthcare Informatics;United States (USPTO)
US;H05G;Gigaphoton Inc.;69;1;X-ray Technique;United States (USPTO)
US;H05G;Taiwan Semiconductor Manufacturing Company, Ltd.;56;2;X-ray Technique;United States (USPTO)
US;H05G;ASML Netherlands B.V.;52;3;X-ray Technique;United States (USPTO)
US;H05G;Taiwan Semiconductor Manufacturing Co., Ltd.;48;4;X-ray Technique;United States (USPTO)
US;H05G;Siemens Healthcare GmbH;24;5;X-ray Technique;United States (USPTO)
US;H05G;Samsung Electronics Co., Ltd.;23;6;X-ray Technique;United States (USPTO)
US;H05G;KLA Corporation;14;7;X-ray Technique;United States (USPTO)
US;H05G;Koninklijke Philips N.V.;13;8;X-ray Technique;United States (USPTO)
US;H05G;Moxtek, Inc.;11;9;X-ray Technique;United States (USPTO)
US;H05G;Siemens Healthineers AG;11;9;X-ray Technique;United States (USPTO)
US;H05G;USHIO DENKI KABUSHIKI KAISHA;10;10;X-ray Technique;United States (USPTO)
US;H05G;Fujifilm Corporation;10;10;X-ray Technique;United States (USPTO)
US;H05G;Shanghai United Imaging Healthcare Co., Ltd.;10;10;X-ray Technique;United States (USPTO)
