NUTS3;CODE
'DEF09';'25495'
'DEB24';'54586'
'DEA1D';'41564'
'DEA12';'47137'
'DEB37';'66954'
'DEB11';'56075'
'DEB11';'56073'
'DE949';'26897'
'DEA52';'44287'
'DEB18';'56305'
'DEB3D';'67817'
'DE132';'79254'
'DEB3D';'67724'
'DE133';'79183'
'DEB3D';'67307'
'DE94E';'49597'
'DE94E';'49186'
'DE13A';'79733'
'DE71D';'65326'
'DE944';'49088'
'DEC05';'66424'
'DEB17';'56642'
'DEB3A';'66482'
'DEB17';'56630'
'DE949';'49740'
'DEB1D';'55490'
'DEF0C';'24989'
'DE938';'29683'
'DEF0B';'24361'
'DE257';'91487'
'DE27B';'87640'
'DE245';'96138'
'DEG0Q';'98544'
'DEF08';'23689'
'DE27B';'87669'
'DE929';'30521'
'DE134';'77767'
'DE948';'49661'
'DEA38';'48317'
'DEA33';'48145'
'DE721';'35394'
'DE715';'69509'
'DE300';'12685'
'DE300';'12679'
'DE927';'31603'
'DE736';'35099'
'DE724';'35043'
'DE138';'78244'
'DE945';'26384'
'DE134';'77883'
'DEB3C';'67278'
'DEB3C';'67281'
'DE723';'35781'
'DEB35';'55127'
'DE943';'26121'
'DEA42';'33378'
'DE94E';'49326'
'DEB23';'54689'
'DEA1E';'47929'
'DEB23';'54595'
'DEA15';'41189'
'DEA1E';'41748'
'DEA26';'52355'
'DE142';'72116'
'DE300';'12627'
'DED21';'01257'
'DED2C';'01454'
'DED2F';'01796'
'DE80N';'17375'
'DED2F';'01829'
'DE40B';'01996'
'DE402';'03044'
'DE40G';'03197'
'DE403';'15232'
'DEA54';'59069'
'DEB13';'57572'
'DEB14';'55543'
'DEB3F';'67677'
'DE131';'79102'
'DEB1B';'57629'
'DE132';'79199'
'DEB13';'57567'
'DEB3J';'55576'
'DEA1B';'47509'
'DEB25';'54456'
'DEB24';'54589'
'DEB23';'54655'
'DEA1F';'47447'
'DEA17';'46117'
'DEA17';'46119'
'DEA1C';'40699'
'DE737';'37213'
'DE26C';'97268'
'DE11D';'73571'
'DE263';'97082'
'DEF0D';'24623'
'DE148';'88299'
'DE91C';'37073'
'DE26B';'97535'
'DE600';'22301'
'DE11D';'73491'
'DE600';'22307'
'DE91C';'37199'
'DE266';'97616'
'DE278';'89346'
'DEF0F';'22941'
'DEF0A';'24226'
'DEG06';'37351'
'DEA36';'46282'
'DEA13';'45359'
'DE714';'65195'
'DE723';'65618'
'DEB35';'55116'
'DE123';'76287'
'DEB3J';'55283'
'DEB3I';'67105'
'DE71A';'65719'
'DE122';'76199'
'DE122';'76137'
'DEB14';'55606'
'DEA52';'44319'
'DEA58';'58642'
'DEB13';'57610'
'DEA33';'48157'
'DE133';'79369'
'DEB3F';'67700'
'DE132';'79227'
'DEB1B';'56242'
'DE139';'79585'
'DE133';'79359'
'DEB1D';'55487'
'DEB18';'53557'
'DEA52';'44359'
'DEA52';'44357'
'DEB1C';'56867'
'DEB12';'53489'
'DEB1C';'56820'
'DE254';'90471'
'DE219';'85131'
'DE80M';'23946'
'DE71D';'65510'
'DEB35';'55126'
'DE268';'97353'
'DEF0F';'22927'
'DE91B';'38275'
'DE916';'38707'
'DE146';'88447'
'DE119';'74673'
'DE212';'81248'
'DE80J';'17237'
'DED41';'09122'
'DE408';'14624'
'DEA1B';'47551'
'DEA2D';'52477'
'DEA2D';'52159'
'DEA2D';'52156'
'DEA2D';'52152'
'DEA26';'52382'
'DEB25';'54298'
'DEA1F';'47506'
'DEA14';'47809'
'DEB25';'54343'
'DEB25';'54341'
'DEA12';'47057'
'DEA17';'46049'
'DEB22';'54524'
'DEA16';'45473'
'DEA13';'45355'
'DEA19';'42697'
'DE722';'35585'
'DE715';'64683'
'DE135';'78662'
'DE12B';'75196'
'DE123';'75045'
'DEA47';'33161'
'DEA29';'41849'
'DEA1B';'47546'
'DEA26';'52388'
'DEC02';'66679'
'DEA27';'50169'
'DEA12';'47055'
'DE256';'91722'
'DEG0A';'99706'
'DEG0C';'99867'
'DE914';'29379'
'DEF06';'23879'
'DEF08';'23717'
'DE277';'86502'
'DE276';'86405'
'DE276';'86678'
'DEF08';'23738'
'DE21N';'86972'
'DEG01';'99090'
'DE922';'27254'
'DE149';'88631'
'DE736';'34513'
'DE127';'74869'
'DEF05';'25746'
'DE714';'55252'
'DEB3E';'76764'
'DE722';'35684'
'DE122';'76189'
'DEB3B';'67577'
'DE94G';'26936'
'DEB3E';'67365'
'DEA5B';'59557'
'DE94D';'27801'
'DE803';'18055'
'DEA5B';'59602'
'DEB3I';'67117'
'DEB1B';'57614'
'DEB22';'54472'
'DEA23';'51061'
'DEC01';'66125'
'DE94B';'48527'
'DEB12';'53508'
'DE947';'26736'
'DEA23';'51109'
'DE734';'34246'
'DEF01';'24944'
'DEF0C';'24975'
'DE11A';'74535'
'DEF0E';'25593'
'DE26A';'97737'
'DE11B';'97944'
'DE11A';'74420'
'DE737';'37216'
'DE128';'69469'
'DE501';'28719'
'DE712';'60594'
'DE71E';'61118'
'DEA47';'33175'
'DE71E';'61206'
'DE922';'27245'
'DE71C';'63150'
'DEA46';'32429'
'DEA46';'32547'
'DE71B';'64395'
'DE716';'64853'
'DE927';'31595'
'DE501';'28325'
'DE932';'21785'
'DE937';'27412'
'DE115';'71739'
'DE118';'74252'
'DE724';'35279'
'DE933';'21438'
'DE21C';'82216'
'DEE09';'06543'
'DE24B';'95349'
'DEE07';'39340'
'DE114';'73102'
'DE11D';'74417'
'DE11A';'74542'
'DE600';'22589'
'DE26C';'97265'
'DE600';'21149'
'DE146';'88444'
'DE737';'37215'
'DE918';'37154'
'DE600';'22527'
'DE144';'89081'
'DE257';'91096'
'DE253';'90763'
'DE254';'90449'
'DE112';'71159'
'DE12B';'71292'
'DE721';'35466'
'DEE08';'06618'
'DE40F';'19322'
'DE237';'92724'
'DE23A';'95506'
'DE226';'93359'
'DEE0A';'06536'
'DEA54';'59077'
'DE94H';'26446'
'DEB1A';'56357'
'DEB3D';'67822'
'DEA58';'58675'
'DEB14';'55583'
'DE124';'76549'
'DEA51';'44894'
'DEA2C';'53804'
'DEB17';'56295'
'DEA56';'58313'
'DEB18';'53577'
'DEB14';'55619'
'DEA13';'45276'
'DE135';'72175'
'DE724';'35075'
'DE136';'78083'
'DEG0S';'98527'
'DEG07';'99768'
'DE258';'90613'
'DEG0S';'98711'
'DE276';'86462'
'DEA1E';'41749'
'DEA15';'41065'
'DEA1D';'41363'
'DEA14';'47802'
'DEB24';'54585'
'DE721';'35435'
'DE724';'35096'
'DE716';'64367'
'DEA47';'33178'
'DE712';'60311'
'DED44';'08548'
'DE239';'92533'
'DE227';'84036'
'DE21K';'83569'
'DE24D';'95691'
'DED52';'04523'
'DE23A';'95692'
'DE12C';'72296'
'DE128';'68799'
'DE721';'35428'
'DE135';'78628'
'DE711';'64295'
'DEA42';'33428'
'DE723';'35796'
'DE722';'35716'
'DEB35';'55130'
'DEF0C';'24999'
'DE114';'73066'
'DE148';'88276'
'DE148';'88214'
'DE145';'72589'
'DEF0B';'24594'
'DE145';'89617'
'DEF0C';'24894'
'DE214';'84558'
'DE235';'93495'
'DED53';'04880'
'DE235';'93437'
'DE80J';'17153'
'DE224';'94562'
'DED41';'09116'
'DE224';'94469'
'DED41';'09120'
'DED42';'09487'
'DED45';'08459'
'DE80L';'18374'
'DE21M';'84529'
'DEB23';'54647'
'DEB25';'54316'
'DEA12';'47139'
'DEA27';'50259'
'DEA11';'40468'
'DEB24';'54552'
'DE712';'60439'
'DE12A';'72221'
'DE128';'69214'
'DE137';'78591'
'DE12A';'72229'
'DE712';'60314'
'DE715';'64668'
'DE137';'78582'
'DE716';'64859'
'DE501';'28199'
'DE922';'28844'
'DE137';'78589'
'DE713';'63073'
'DE138';'78224'
'DE128';'74915'
'DE21J';'85301'
'DE212';'80803'
'DE21A';'85469'
'DEE06';'39319'
'DEG02';'07545'
'DE238';'84069'
'DE238';'93173'
'DE21K';'83134'
'DE227';'84169'
'DE227';'84171'
'DEE08';'06729'
'DE238';'93170'
'DE21K';'83564'
'DE21G';'83536'
'DE239';'92431'
'DED45';'08451'
'DE238';'93086'
'DED51';'04157'
'DE132';'79238'
'DEB24';'54550'
'DE236';'92353'
'DE934';'29475'
'DE300';'13059'
'DE300';'13057'
'DE80L';'18581'
'DE407';'04928'
'DE300';'12559'
'DED21';'01097'
'DED21';'01326'
'DE409';'15344'
'DE406';'15913'
'DE40G';'03099'
'DE402';'03055'
'DEA1B';'47624'
'DEB23';'54649'
'DEA27';'50189'
'DEB25';'54309'
'DEC04';'66740'
'DEB22';'54518'
'DEA11';'40474'
'DEA16';'45478'
'DEA34';'48683'
'DEB22';'54498'
'DE722';'35689'
'DE136';'78166'
'DE722';'35756'
'DEA57';'59909'
'DE922';'49459'
'DEB1C';'56761'
'DEA36';'45701'
'DEA22';'53229'
'DEA11';'40470'
'DEA11';'40599'
'DEB25';'54413'
'DEA16';'45475'
'DEA23';'50739'
'DEC06';'66636'
'DEB15';'55767'
'DEA35';'48720'
'DE132';'79822'
'DE722';'35759'
'DE124';'76437'
'DE94E';'49143'
'DE943';'26122'
'DE121';'76532'
'DE13A';'79790'
'DEB18';'56307'
'DEB3F';'66862'
'DEB1A';'56337'
'DEB3F';'67732'
'DEA12';'47138'
'DEA16';'45468'
'DEC03';'66571'
'DEA32';'45896'
'DEA19';'42719'
'DEC01';'66132'
'DE139';'79400'
'DEB1D';'55497'
'DEA2A';'51580'
'DEB1D';'56329'
'DE132';'79189'
'DEA37';'49549'
'DEB3F';'67731'
'DE71D';'65385'
'DE94E';'49219'
'DEA57';'59846'
'DE71D';'65375'
'DEB3G';'66871'
'DEA56';'58285'
'DEB1D';'55481'
'DEA56';'58453'
'DE947';'26579'
'DEA2B';'51399'
'DEB1C';'56862'
'DEA51';'44879'
'DE949';'49716'
'DEB22';'54483'
'DEA51';'44867'
'DEA2C';'53721'
'DE139';'79739'
'DEB14';'55452'
'DE131';'79117'
'DEB14';'55546'
'DEB1B';'57647'
'DEB3H';'67377'
'DE723';'65597'
'DEA18';'42857'
'DE947';'26759'
'DEB1C';'56818'
'DEC03';'66538'
'DEA51';'44797'
'DEA55';'44623'
'DEB1C';'56754'
'DEA37';'48612'
'DE929';'31515'
'DE269';'97903'
'DE719';'63628'
'DE118';'74245'
'DEF0C';'24976'
'DE116';'71579'
'DEF01';'24939'
'DE26A';'97782'
'DE929';'30167'
'DE148';'88279'
'DEF09';'25497'
'DE145';'89155'
'DE11D';'73577'
'DE11D';'73550'
'DE145';'89610'
'DEF09';'25462'
'DE11A';'74541'
'DE144';'89079'
'DE114';'89558'
'DEF0C';'24376'
'DE600';'22763'
'DE21M';'83359'
'DEG07';'99762'
'DE147';'88086'
'DEF09';'25404'
'DEG0Q';'98599'
'DEG0T';'98708'
'DE93A';'29568'
'DEA28';'04760'
'DEE08';'06725'
'DEE0E';'06786'
'DEB1B';'56462'
'DE133';'79261'
'DEB3C';'67472'
'DEA57';'59821'
'DE13A';'79872'
'DE94F';'49451'
'DEB3E';'76779'
'DE134';'77796'
'DEB18';'56581'
'DEA53';'58097'
'DEA2A';'51588'
'DEB3K';'66507'
'DEA35';'59394'
'DEB3K';'66989'
'DEB17';'56333'
'DEB13';'57612'
'DEA15';'41069'
'DE929';'31303'
'DE925';'31134'
'DE26C';'97236'
'DE600';'22335'
'DE146';'88489'
'DE600';'22297'
'DEF0F';'21509'
'DEF0A';'24222'
'DE935';'21449'
'DEF0A';'24326'
'DEF0A';'24217'
'DEF06';'21529'
'DE93A';'29582'
'DE27C';'87733'
'DE27D';'86757'
'DE911';'38122'
'DEF08';'23623'
'DE914';'38533'
'DE914';'38531'
'DE911';'38108'
'DE722';'35644'
'DEA41';'33647'
'DEA41';'33739'
'DE722';'35753'
'DE134';'78132'
'DE94F';'49377'
'DE714';'65187'
'DEB35';'55118'
'DE922';'49457'
'DEA42';'33332'
'DEF08';'23769'
'DE21N';'82436'
'DE80M';'19209'
'DE21D';'82438'
'DE248';'91338'
'DE236';'90602'
'DE246';'96142'
'DE259';'90607'
'DEE04';'39619'
'DE114';'73347'
'DE116';'73553'
'DE114';'73108'
'DE300';'12353'
'DE300';'12435'
'DE300';'10319'
'DE300';'12683'
'DE405';'16230'
'DED2F';'01768'
'DED2F';'01728'
'DE40I';'16278'
'DE40B';'03103'
'DE409';'15324'
'DED2D';'02763'
'DED2D';'02828'
'DE132';'79379'
'DEB14';'55568'
'DE132';'79423'
'DEA5C';'59439'
'DEA37';'49479'
'DEB3K';'66996'
'DE12C';'77776'
'DE94F';'49429'
'DE714';'65189'
'DE134';'72250'
'DEB3E';'76756'
'DE124';'76593'
'DE123';'76316'
'DE723';'35789'
'DE80L';'18439'
'DE300';'14089'
'DE80N';'17129'
'DE80L';'18528'
'DE300';'12165'
'DE300';'10789'
'DE300';'13349'
'DE300';'10825'
'DED2E';'01609'
'DE300';'10781'
'DE405';'16348'
'DE300';'13127'
'DE80N';'17495'
'DE225';'94142'
'DE26C';'97280'
'DE148';'88368'
'DE26C';'97259'
'DE929';'30159'
'DE146';'88436'
'DE737';'37290'
'DE26C';'97232'
'DE27A';'88179'
'DEA45';'32816'
'DE149';'72419'
'DE142';'72138'
'DE111';'70178'
'DE113';'72657'
'DE138';'78464'
'DEF05';'25782'
'DE141';'72760'
'DE715';'68647'
'DE724';'35236'
'DEF05';'25799'
'DE11B';'97877'
'DE113';'73265'
'DEF06';'21493'
'DE94E';'49637'
'DEB1B';'56428'
'DE947';'26632'
'DE949';'49811'
'DEB1C';'56254'
'DEB3G';'66904'
'DEA53';'58135'
'DEB3G';'67746'
'DE94H';'26487'
'DEB3G';'67749'
'DE942';'26721'
'DEC03';'66539'
'DEA36';'45663'
'DE26B';'97526'
'DEA5B';'59556'
'DE723';'35792'
'DEE05';'06796'
'DED44';'08239'
'DE227';'84103'
'DE80L';'18347'
'DE22B';'94333'
'DE21M';'83259'
'DE80K';'18195'
'DE227';'84175'
'DE21K';'83257'
'DE22C';'84180'
'DED45';'08144'
'DE21G';'84546'
'DE22A';'84140'
'DED45';'09212'
'DEE0E';'06895'
'DE214';'84561'
'DED42';'09221'
'DED43';'09326'
'DED53';'04779'
'DED42';'09423'
'DED41';'09126'
'DE229';'94256'
'DE80L';'18437'
'DED42';'09496'
'DE40A';'16767'
'DED2E';'01616'
'DE300';'10711'
'DE300';'13409'
'DED2E';'01561'
'DED2E';'01662'
'DE218';'85661'
'DE21A';'85461'
'DE23A';'95700'
'DEE02';'06132'
'DE237';'92729'
'DEE02';'06130'
'DE80J';'17219'
'DE80J';'17111'
'DED43';'09244'
'DED41';'09113'
'DE215';'83395'
'DE300';'13583'
'DE80J';'17094'
'DE40A';'16792'
'DED2E';'01619'
'DE300';'12161'
'DE300';'13355'
'DE226';'93077'
'DED44';'08606'
'DEE0B';'06188'
'DE803';'18119'
'DEE05';'06780'
'DE218';'83550'
'DE213';'83026'
'DE227';'84184'
'DED44';'07985'
'DE23A';'95703'
'DE300';'13089'
'DEE07';'39167'
'DE21H';'85716'
'DE212';'80809'
'DE212';'80336'
'DE212';'80333'
'DE212';'80937'
'DEE03';'39118'
'DE21F';'83708'
'DE212';'81737'
'DE212';'81735'
'DE249';'95192'
'DEG0J';'07616'
'DE246';'95469'
'DE237';'92676'
'DE226';'84094'
'DE143';'72414'
'DE112';'71154'
'DEE05';'06809'
'DE21K';'83128'
'DE21K';'83112'
'DE40E';'14827'
'DE227';'84137'
'DE21K';'83209'
'DE237';'92697'
'DE23A';'95695'
'DEA56';'45525'
'DEB15';'55743'
'DEA2C';'53773'
'DE94C';'26835'
'DEB3G';'67756'
'DEB3G';'67745'
'DE132';'79868'
'DEB3C';'67316'
'DEB3B';'55237'
'DE133';'79263'
'DE132';'79874'
'DEA38';'59302'
'DEA19';'42653'
'DEB1C';'56823'
'DEB12';'53474'
'DE11D';'73431'
'DE931';'29336'
'DE933';'21435'
'DE600';'22179'
'DE600';'22397'
'DE25A';'97258'
'DE26B';'97490'
'DE11C';'89542'
'DE265';'97714'
'DE265';'97702'
'DE256';'91631'
'DE11A';'74594'
'DE27E';'87474'
'DE27E';'87509'
'DE91A';'31228'
'DE256';'91610'
'DE256';'91620'
'DE268';'97355'
'DE27C';'87749'
'DEF0F';'22962'
'DE935';'21409'
'DE935';'21406'
'DEF0D';'23821'
'DEF0D';'23815'
'DEG07';'99755'
'DE139';'79592'
'DEA58';'58644'
'DEB14';'55571'
'DEA1E';'41334'
'DEB23';'54616'
'DEB23';'54675'
'DEA1F';'47665'
'DEB25';'54332'
'DEA28';'53894'
'DEA1F';'47441'
'DEC04';'66798'
'DEB21';'54293'
'DE721';'35444'
'DE12B';'75217'
'DE12A';'75394'
'DEA57';'59964'
'DE712';'60327'
'DE501';'28759'
'DE129';'75177'
'DE932';'27472'
'DEF07';'25899'
'DE125';'69117'
'DE125';'69118'
'DE112';'71131'
'DE142';'72181'
'DE143';'72336'
'DE12B';'75417'
'DEB1C';'56759'
'DEB35';'55124'
'DEB3C';'67471'
'DEA5B';'59457'
'DE94E';'49593'
'DEB3C';'67319'
'DEB3D';'67304'
'DE723';'65604'
'DEB3C';'67466'
'DE134';'77716'
'DE218';'85567'
'DE24D';'95615'
'DE21K';'83539'
'DE21K';'83533'
'DE23A';'92717'
'DE80O';'19395'
'DEE01';'06861'
'DE21K';'83512'
'DE21K';'83137'
'DE238';'93177'
'DE80K';'17166'
'DED51';'04328'
'DED52';'04552'
'DE93A';'29576'
'DE256';'91726'
'DE248';'91099'
'DE21C';'82293'
'DEE0A';'06526'
'DE248';'91077'
'DE25B';'90530'
'DE21I';'86633'
'DE246';'91347'
'DE21N';'82395'
'DE275';'86576'
'DE219';'85114'
'DE21N';'82387'
'DE21L';'82349'
'DE236';'92360'
'DE804';'19059'
'DE219';'85120'
'DE80O';'19086'
'DE236';'92358'
'DE21J';'85088'
'DEE03';'39122'
'DE21B';'85395'
'DE21H';'85635'
'DE218';'85622'
'DEE06';'39288'
'DEG0K';'07922'
'DE226';'84106'
'DE218';'85570'
'DE715';'68649'
'DE21M';'83346'
'DE21M';'83371'
'DE22A';'84339'
'DED43';'09328'
'DE215';'83458'
'DE21M';'83334'
'DE22B';'94362'
'DEA14';'47839'
'DEA1D';'41352'
'DE944';'49076'
'DEA5A';'57072'
'DE134';'77654'
'DEB3D';'67305'
'DE134';'77797'
'DE94E';'49124'
'DE13A';'79730'
'DE132';'79859'
'DEA58';'58762'
'DE139';'79541'
'DEA33';'48167'
'DEA38';'48324'
'DE132';'79356'
'DEA54';'59075'
'DE948';'26169'
'DEB3D';'67806'
'DEB1B';'56410'
'DE132';'79292'
'DE131';'79114'
'DEA51';'44866'
'DEC06';'66640'
'DEA2B';'51429'
'DEB12';'56653'
'DEA55';'44625'
'DEA51';'44789'
'DE949';'26892'
'DEA36';'44579'
'DE214';'84547'
'DE215';'83454'
'DE235';'93473'
'DE21M';'83367'
'DE40H';'14913'
'DE215';'83486'
'DE229';'94250'
'DE71B';'64385'
'DEF05';'25761'
'DE136';'78176'
'DE135';'78658'
'DE13A';'79807'
'DE716';'64665'
'DE128';'68542'
'DE123';'76709'
'DE128';'69514'
'DE135';'78661'
'DE12B';'75331'
'DE712';'60431'
'DEF07';'25881'
'DE125';'69121'
'DE712';'60320'
'DE128';'69181'
'DE137';'78594'
'DE71E';'61184'
'DE712';'60386'
'DE936';'27729'
'DE123';'75038'
'DE713';'63065'
'DE716';'64405'
'DE501';'28201'
'DE736';'35110'
'DEF05';'25718'
'DE719';'63456'
'DE922';'27305'
'DE719';'63486'
'DE501';'28307'
'DE128';'74934'
'DE934';'29462'
'DEG01';'99098'
'DE245';'96167'
'DE259';'90475'
'DE24C';'96224'
'DE259';'90592'
'DEG0U';'98743'
'DE24A';'96355'
'DE21I';'86564'
'DE216';'82541'
'DE227';'84101'
'DEE0B';'06217'
'DE40F';'16949'
'DE24D';'95632'
'DEE02';'06108'
'DE227';'84095'
'DE237';'92708'
'DEE0D';'39539'
'DEG0L';'07973'
'DE21A';'84432'
'DE239';'92536'
'DED52';'04420'
'DE80K';'18292'
'DE238';'93087'
'DE238';'93101'
'DEA37';'48356'
'DEA52';'44137'
'DE949';'48480'
'DEF0C';'24405'
'DE929';'30457'
'DE145';'89143'
'DE27A';'88138'
'DEF0B';'24589'
'DE11A';'74549'
'DE929';'30627'
'DE933';'21224'
'DE733';'36289'
'DE11D';'73575'
'DE737';'37269'
'DE600';'20253'
'DE11B';'97993'
'DEF0D';'22850'
'DE931';'29225'
'DE148';'88319'
'DE145';'89186'
'DEF0A';'24620'
'DE916';'38723'
'DE737';'37299'
'DE274';'87700'
'DEF02';'24114'
'DE27C';'87737'
'DE11D';'73466'
'DE27C';'87787'
'DE931';'29362'
'DEF0D';'23827'
'DE93A';'29574'
'DE25A';'91471'
'DE132';'79219'
'DE946';'26689'
'DEB1B';'56335'
'DE139';'79618'
'DE131';'79111'
'DE269';'63937'
'DE115';'74366'
'DE928';'31688'
'DE923';'31840'
'DE113';'70794'
'DE118';'74177'
'DEF05';'25767'
'DE269';'63840'
'DE927';'31626'
'DE734';'34396'
'DE719';'63633'
'DE923';'31860'
'DEF0E';'25596'
'DE115';'71672'
'DE118';'74255'
'DEA56';'45529'
'DEA51';'44791'
'DE947';'26624'
'DEB13';'57539'
'DE94E';'49599'
'DEA37';'49545'
'DEB1B';'57644'
'DEB14';'67824'
'DE949';'48499'
'DE94C';'26810'
'DEA35';'48329'
'DEB3F';'66894'
'DED51';'04109'
'DE22B';'94348'
'DE22C';'84163'
'DE22B';'94344'
'DED45';'08371'
'DED52';'04567'
'DE235';'93464'
'DE21M';'83313'
'DE22A';'84333'
'DEE0E';'06925'
'DE215';'83471'
'DE40A';'16775'
'DE224';'94557'
'DED53';'04758'
'DEA5B';'59555'
'DE722';'35688'
'DEB3I';'67373'
'DE715';'68623'
'DE300';'10435'
'DE80L';'18551'
'DE722';'35614'
'DE126';'68307'
'DE94G';'26919'
'DE126';'68169'
'DE71A';'65835'
'DE71E';'35510'
'DEA46';'32339'
'DE135';'72172'
'DE715';'64673'
'DE136';'78136'
'DEB3C';'67169'
'DEA5B';'59609'
'DE94G';'26969'
'DE714';'65183'
'DE714';'65185'
'DE124';'76448'
'DEB3J';'67587'
'DE134';'77972'
'DEB14';'55593'
'DEA38';'59227'
'DE134';'77876'
'DEB3C';'67146'
'DEB3B';'67582'
'DEB3E';'76774'
'DE13A';'79801'
'DE135';'78713'
'DE123';'68794'
'DE722';'35578'
'DE136';'78199'
'DE922';'49448'
'DEA1F';'46509'
'DEB23';'54612'
'DEA15';'41066'
'DEA43';'32278'
'DE128';'69221'
'DE129';'75180'
'DE501';'28197'
'DE721';'35390'
'DE715';'64646'
'DE128';'69242'
'DE501';'28259'
'DE12B';'75248'
'DE143';'72355'
'DE922';'28857'
'DE12A';'75382'
'DE128';'69245'
'DE128';'69259'
'DE71B';'64407'
'DEA46';'32425'
'DE927';'31592'
'DE719';'63543'
'DE118';'74912'
'DE142';'72076'
'DE736';'34471'
'DE269';'63853'
'DE117';'74078'
'DE269';'63785'
'DE149';'88639'
'DE118';'74348'
'DE141';'72827'
'DEF05';'25712'
'DE118';'74172'
'DE117';'74074'
'DE928';'31553'
'DE111';'70372'
'DE127';'74743'
'DEF0E';'25584'
'DE113';'72660'
'DE935';'21522'
'DE911';'38100'
'DEG0C';'99894'
'DE27B';'87660'
'DE276';'86877'
'DEG0E';'98646'
'DE277';'89434'
'DEE09';'38875'
'DE913';'38442'
'DE267';'96176'
'DEF08';'23758'
'DE93A';'29571'
'DE21N';'86984'
'DE254';'90427'
'DE934';'29487'
'DEG01';'99084'
'DEA41';'33607'
'DE721';'35398'
'DE712';'60486'
'DE146';'88480'
'DE918';'37176'
'DE600';'21075'
'DEF0D';'24558'
'DE145';'89174'
'DE145';'89171'
'DE11C';'89551'
'DE27E';'87547'
'DEF0D';'23826'
'DE25A';'91483'
'DE141';'72764'
'DE147';'88682'
'DE113';'72666'
'DE719';'63636'
'DE239';'92439'
'DE928';'31700'
'DE25C';'91781'
'DE21E';'86923'
'DEE07';'39365'
'DE923';'31863'
'DE119';'74670'
'DE731';'34121'
'DE732';'36137'
'DEF0C';'24860'
'DE113';'73235'
'DE113';'73272'
'DE11A';'74523'
'DE119';'74635'
'DE925';'31089'
'DED44';'07952'
'DE21K';'83043'
'DE803';'18069'
'DEE02';'06116'
'DED44';'08527'
'DE239';'92521'
'DE232';'93055'
'DE238';'93105'
'DE237';'92715'
'DE239';'92543'
'DE237';'92696'
'DE21M';'83132'
'DE21G';'84555'
'DE235';'93167'
'DE267';'97539'
'DE27D';'86739'
'DE27C';'87782'
'DE27D';'86748'
'DE935';'21380'
'DE267';'96181'
'DEF0D';'23719'
'DEA5B';'59590'
'DE21M';'83358'
'DE40E';'14806'
'DE401';'14770'
'DE40E';'14550'
'DE80L';'18469'
'DE215';'83364'
'DED43';'09241'
'DED42';'09387'
'DED43';'04703'
'DE40E';'14552'
'DED43';'09577'
'DE224';'94550'
'DE80J';'17034'
'DE300';'10777'
'DE300';'13407'
'DE300';'13159'
'DED2D';'02708'
'DE148';'88147'
'DE114';'73326'
'DEF09';'25482'
'DE11B';'97980'
'DE732';'36132'
'DE114';'73333'
'DE929';'30175'
'DE146';'88454'
'DE929';'30625'
'DE26C';'97270'
'DE26C';'97250'
'DEF09';'25451'
'DE931';'29313'
'DE145';'89195'
'DE11D';'73457'
'DE26C';'97288'
'DE145';'89165'
'DE265';'97708'
'DE600';'22089'
'DE26C';'97241'
'DE918';'37191'
'DE26C';'97252'
'DEB12';'53534'
'DEB24';'53539'
'DEA23';'50933'
'DE600';'22043'
'DE27E';'87544'
'DEF0D';'23866'
'DEG0R';'99830'
'DE26B';'97509'
'DE91B';'38277'
'DE278';'89347'
'DE27C';'87743'
'DED52';'04643'
'DE22B';'94327'
'DEB3J';'55424'
'DE134';'77656'
'DE139';'79674'
'DEF05';'25719'
'DEA44';'33014'
'DE71E';'63683'
'DE112';'71065'
'DE71B';'64750'
'DE928';'31715'
'DEA28';'53947'
'DE717';'64589'
'DE724';'35288'
'DE71E';'63667'
'DEF07';'25856'
'DE118';'75050'
'DE408';'14669'
'DE229';'94267'
'DE21E';'86940'
'DE21N';'82389'
'DE21N';'82401'
'DE245';'96146'
'DEF08';'23779'
'DE80M';'23936'
'DE925';'31195'
'DE265';'97705'
'DE27A';'88167'
'DEF05';'25788'
'DE927';'31627'
'DE927';'31622'
'DE928';'31699'
'DEF0C';'24852'
'DE933';'21259'
'DEF0E';'25563'
'DE238';'93098'
'DED52';'04539'
'DE916';'38690'
'DE91C';'37445'
'DE722';'35641'
'DE128';'68804'
'DE934';'29456'
'DE917';'38462'
'DE252';'91093'
'DE275';'86674'
'DE219';'91804'
'DE25B';'91166'
'DEG01';'99095'
'DE21E';'86949'
'DEG0T';'99102'
'DEF09';'25355'
'DE929';'30171'
'DE929';'30659'
'DE145';'89160'
'DEA32';'45883'
'DEB12';'53507'
'DEA2A';'51674'
'DEA37';'48477'
'DEB18';'56587'
'DE94C';'26817'
'DEB3G';'67754'
'DEA1A';'42113'
'DEA2B';'51515'
'DEA1A';'42275'
'DEA36';'44581'
'DEB3G';'66914'
'DEA36';'44577'
'DE949';'49838'
'DE949';'26909'
'DEE06';'39279'
'DE148';'88317'
'DE925';'31174'
'DE146';'88450'
'DEF0D';'24643'
'DE266';'97650'
'DEC01';'66119'
'DEA13';'45329'
'DEA23';'51067'
'DEA15';'41068'
'DEB23';'54610'
'DEA12';'47239'
'DEA12';'47259'
'DEA1D';'41466'
'DEC04';'66793'
'DEA31';'46242'
'DE94B';'49828'
'DEA1C';'42553'
'DEA32';'45881'
'DEF09';'22880'
'DE26A';'97857'
'DE933';'21279'
'DE26A';'97225'
'DE21A';'85465'
'DED44';'08539'
'DE239';'93133'
'DEG0L';'07950'
'DE249';'95111'
'DEE06';'39307'
'DE80K';'18107'
'DE227';'84172'
'DE24D';'95707'
'DED44';'08626'
'DE23A';'95689'
'DE21K';'83101'
'DE237';'92712'
'DE221';'84028'
'DE91C';'37079'
'DE732';'36163'
'DE11A';'74575'
'DE948';'26683'
'DE133';'79362'
'DE11D';'73574'
'DE600';'22607'
'DE26C';'97209'
'DEF0B';'24631'
'DE600';'22767'
'DEF0B';'24251'
'DE600';'20144'
'DE138';'78359'
'DE736';'34474'
'DEF05';'25792'
'DE127';'74858'
'DEF07';'25926'
'DE736';'34549'
'DE143';'72458'
'DE127';'69437'
'DE261';'63741'
'DE111';'70565'
'DE117';'74081'
'DE269';'63834'
'DE93B';'27313'
'DE115';'71638'
'DEF07';'25850'
'DE269';'63863'
'DEF05';'25721'
'DE113';'72655'
'DEF0E';'25576'
'DE735';'34626'
'DE116';'71394'
'DEF0B';'25557'
'DE116';'71546'
'DEF0E';'25599'
'DE119';'74613'
'DEA53';'58099'
'DEA5C';'44534'
'DEA2A';'51645'
'DE94H';'26489'
'DEA52';'44267'
'DE256';'91614'
'DEG0R';'99842'
'DEG0Q';'98631'
'DEF06';'22929'
'DE718';'61440'
'DEF07';'25859'
'DEA46';'32312'
'DE712';'65936'
'DEA58';'58849'
'DEB1A';'56346'
'DE134';'77933'
'DE134';'77694'
'DEA37';'49492'
'DEB14';'55545'
'DE139';'79688'
'DEB1A';'65558'
'DE94A';'26340'
'DEB3H';'76887'
'DEB3D';'67729'
'DEB3J';'55457'
'DEA59';'57399'
'DE94E';'49134'
'DEA38';'59269'
'DE124';'77839'
'DEB33';'76829'
'DE132';'79271'
'DE723';'65549'
'DE71D';'65343'
'DE13A';'79875'
'DE127';'74747'
'DE733';'36286'
'DE929';'30926'
'DE114';'73095'
'DEB14';'55566'
'DEA29';'52531'
'DEA1B';'47626'
'DE931';'29303'
'DEF0B';'24363'
'DE114';'73111'
'DE733';'36217'
'DEF09';'25474'
'DE938';'29646'
'DE27A';'88171'
'DE733';'36214'
'DE11D';'73560'
'DE732';'36115'
'DE11D';'73579'
'DE733';'36266'
'DE11A';'74592'
'DE146';'88477'
'DE600';'22765'
'DEB3H';'76863'
'DE714';'65197'
'DE722';'35745'
'DEB3B';'67596'
'DE714';'65193'
'DEB3C';'67246'
'DEB3J';'55294'
'DE135';'78730'
'DEB3E';'67368'
'DEB3E';'67360'
'DEA42';'33330'
'DEA42';'33824'
'DE722';'35606'
'DEB3F';'67678'
'DEB1B';'56424'
'DEB3D';'67727'
'DE131';'79110'
'DE948';'49632'
'DEB1A';'56368'
'DE13A';'79713'
'DEA55';'44652'
'DEA41';'33729'
'DE12A';'72227'
'DEF07';'25849'
'DE711';'64285'
'DEA45';'33818'
'DE712';'60435'
'DE736';'35119'
'DE118';'74196'
'DE113';'73257'
'DE735';'34295'
'DE939';'21717'
'DE734';'34393'
'DEF0C';'24855'
'DE113';'73779'
'DE26A';'97843'
'DE113';'73268'
'DE935';'21397'
'DE911';'38106'
'DE25A';'90616'
'DE27D';'86660'
'DEG0C';'99897'
'DEF08';'23629'
'DE27B';'86860'
'DE25C';'91710'
'DE939';'21727'
'DE141';'72818'
'DEF0C';'25879'
'DE264';'63829'
'DE149';'72513'
'DE147';'88697'
'DE228';'94094'
'DED2E';'01587'
'DE407';'04924'
'DE80N';'17126'
'DE40H';'15838'
'DEC05';'66440'
'DEC05';'66450'
'DEB1C';'56865'
'DEA51';'44805'
'DEB1D';'56290'
'DEB3G';'66909'
'DE724';'35719'
'DE136';'78050'
'DE135';'78737'
'DEA57';'59955'
'DE712';'65931'
'DE123';'68753'
'DE722';'35625'
'DEA43';'32130'
'DE128';'68549'
'DE718';'61449'
'DE932';'27476'
'DEA42';'33758'
'DE716';'64404'
'DE123';'76694'
'DEA43';'32584'
'DE129';'75172'
'DE721';'35396'
'DE941';'27755'
'DEA45';'32832'
'DE932';'21776'
'DE128';'69251'
'DEA45';'33189'
'DE137';'78586'
'DE715';'64689'
'DE268';'97334'
'DE256';'91607'
'DE265';'97517'
'DE931';'29359'
'DE262';'97421'
'DEG09';'99988'
'DE11D';'73495'
'DE11A';'74547'
'DE918';'37186'
'DE929';'30459'
'DED43';'09619'
'DE300';'13156'
'DE300';'12355'
'DE228';'94136'
'DED2F';'01705'
'DE405';'16247'
'DE406';'15910'
'DE406';'15907'
'DED21';'01465'
'DE80N';'17429'
'DE40C';'15848'
'DE80N';'17419'
'DED2C';'02997'
'DE276';'86500'
'DE91B';'38327'
'DE267';'96151'
'DEG07';'99734'
'DE27B';'86807'
'DE27B';'87677'
'DE914';'38479'
'DE913';'38448'
'DE21E';'86920'
'DE276';'86456'
'DE256';'91564'
'DE276';'86391'
'DEG0E';'98667'
'DE21N';'86956'
'DE257';'91080'
'DEB3F';'67737'
'DE11D';'73497'
'DEF0A';'24306'
'DE935';'21339'
'DE914';'38543'
'DE27B';'87671'
'DE914';'29367'
'DE912';'38239'
'DE277';'89426'
'DEG0R';'99846'
'DE256';'91611'
'DE931';'29229'
'DEF0B';'24161'
'DE600';'22391'
'DE279';'89291'
'DE266';'97724'
'DEF02';'24147'
'DE262';'97424'
'DEA14';'47804'
'DEA14';'47829'
'DEB22';'54533'
'DEC04';'66763'
'DEA23';'50767'
'DEB12';'53518'
'DEC01';'66128'
'DEA23';'50677'
'DEA13';'45147'
'DEA1C';'42489'
'DEA24';'51375'
'DEB22';'54411'
'DEA57';'59872'
'DEB3H';'67483'
'DE267';'97437'
'DEA42';'33333'
'DE135';'78655'
'DE71A';'65812'
'DE733';'36179'
'DEF0E';'25579'
'DE929';'30163'
'DE114';'73072'
'DE732';'36145'
'DEF0C';'24409'
'DE925';'31180'
'DE265';'97779'
'DEF0B';'24241'
'DE938';'29633'
'DE600';'20459'
'DE600';'20148'
'DE737';'37293'
'DE145';'89177'
'DE600';'22309'
'DE279';'89257'
'DE27E';'87452'
'DEF0D';'24619'
'DE27C';'87789'
'DE11D';'73488'
'DEG0Q';'98617'
'DE256';'91637'
'DE91A';'31224'
'DEF0F';'23845'
'DE27C';'87736'
'DE278';'86519'
'DE273';'87437'
'DEB1C';'56826'
'DEB12';'53501'
'DEA1C';'42549'
'DEB1C';'56864'
'DEA36';'45768'
'DE132';'79258'
'DEB3G';'67752'
'DEA58';'58511'
'DEB3J';'55422'
'DEB14';'55442'
'DE133';'79353'
'DEA58';'58553'
'DEB18';'56564'
'DEA53';'58095'
'DEB14';'55618'
'DEA53';'58119'
'DEB1D';'55499'
'DEA5C';'59368'
'DEB13';'57638'
'DEA37';'48369'
'DEA13';'45289'
'DEC03';'66583'
'DEA22';'53227'
'DEA1A';'42109'
'DE24A';'96361'
'DEB24';'56767'
'DEA13';'45133'
'DEA23';'50678'
'DEC06';'66625'
'DE949';'49767'
'DE124';'76596'
'DE722';'35586'
'DEA43';'32289'
'DE718';'61476'
'DE717';'64572'
'DE126';'68219'
'DE71A';'65824'
'DE21G';'84453'
'DEA5A';'57319'
'DEB35';'55129'
'DE132';'79877'
'DE136';'78112'
'DEB3E';'76771'
'DE94D';'27793'
'DE122';'76135'
'DE123';'76706'
'DE139';'79695'
'DE71D';'65366'
'DE13A';'79736'
'DE134';'77770'
'DEB3B';'55599'
'DE71D';'65329'
'DEB3C';'67317'
'DE723';'65555'
'DEA33';'48149'
'DE949';'26901'
'DEA33';'48153'
'DEA37';'49509'
'DE139';'79599'
'DEA37';'49477'
'DEB3F';'67735'
'DEB32';'67659'
'DEB1B';'56235'
'DEA52';'44227'
'DE225';'94556'
'DE405';'16341'
'DE300';'12619'
'DE228';'94164'
'DE409';'16259'
'DE40G';'03058'
'DE409';'15328'
'DED2D';'02748'
'DEA1E';'41379'
'DEA2D';'52062'
'DEA59';'57489'
'DEB15';'55777'
'DEA36';'45731'
'DEB1D';'56283'
'DEB3G';'66887'
'DEA2A';'51643'
'DEA2A';'51545'
'DEB14';'55627'
'DEC05';'66386'
'DEA35';'48249'
'DEA55';'44653'
'DEA37';'48629'
'DEA1A';'42285'
'DEE08';'06642'
'DE216';'82544'
'DE212';'80997'
'DE21H';'82065'
'DE24A';'96365'
'DEE0A';'06311'
'DEE0D';'39606'
'DE246';'95511'
'DE212';'81476'
'DE246';'91289'
'DE212';'80798'
'DE246';'95493'
'DE24D';'95163'
'DE246';'95485'
'DE218';'85625'
'DE249';'95183'
'DE238';'93164'
'DE25C';'91796'
'DE254';'90408'
'DE247';'96242'
'DE247';'96279'
'DEE04';'39638'
'DE21I';'86668'
'DE21D';'82439'
'DE219';'85122'
'DE11B';'97947'
'DE148';'88267'
'DE933';'21244'
'DE912';'38259'
'DEB3E';'76870'
'DE124';'77830'
'DE134';'77793'
'DEB3J';'55268'
'DE71D';'65527'
'DE714';'65207'
'DEF07';'25980'
'DE935';'21403'
'DE27B';'87459'
'DE27B';'87657'
'DE93A';'29549'
'DE122';'76185'
'DE71A';'65439'
'DE717';'64560'
'DEB34';'67063'
'DE134';'77948'
'DEB1B';'56414'
'DEB3B';'55597'
'DE132';'79252'
'DE94A';'26452'
'DEA5A';'57076'
'DE949';'49733'
'DEB12';'53426'
'DEA51';'44869'
'DEA22';'53179'
'DE949';'26906'
'DE94C';'26844'
'DE25B';'91180'
'DEE09';'06485'
'DEE09';'38829'
'DE21D';'82445'
'DE245';'96187'
'DE21N';'86978'
'DE21D';'82467'
'DE271';'86153'
'DE80M';'23942'
'DE21E';'86935'
'DEG0D';'99195'
'DE275';'82297'
'DE138';'78351'
'DE115';'74372'
'DE127';'69439'
'DE111';'70569'
'DE115';'74391'
'DE939';'21720'
'DE114';'73035'
'DE26C';'97277'
'DEF0B';'24357'
'DEG0U';'07338'
'DE21H';'82069'
'DE804';'19055'
'DE21J';'85107'
'DE211';'85053'
'DE929';'30173'
'DE933';'21261'
'DE11D';'73568'
'DE145';'89608'
'DE114';'73329'
'DE11B';'97957'
'DE929';'30539'
'DE26C';'97234'
'DE27A';'88161'
'DE265';'97727'
'DE145';'89194'
'DE931';'29320'
'DE279';'89250'
'DE600';'22339'
'DE146';'88486'
'DE268';'97318'
'DE25A';'91605'
'DE91A';'38268'
'DEG0Q';'98574'
'DE248';'91327'
'DE211';'85049'
'DE21L';'82340'
'DE21L';'82131'
'DE259';'91245'
'DE21H';'82152'
'DE246';'91282'
'DE226';'93348'
'DE501';'26954'
'DE218';'85617'
'DED2E';'01558'
'DE300';'10365'
'DE118';'75031'
'DE128';'74937'
'DEB3C';'67098'
'DE132';'79256'
'DEB3H';'67487'
'DE127';'74928'
'DE143';'72474'
'DE149';'72514'
'DE261';'63743'
'DE269';'63911'
'DEF07';'25864'
'DE127';'74834'
'DE111';'70173'
'DE115';'71711'
'DE141';'72805'
'DE127';'74850'
'DE23A';'95478'
'DE21D';'82433'
'DEG0A';'06578'
'DE248';'91356'
'DEG0G';'99198'
'DE248';'91359'
'DE25B';'91177'
'DE21D';'82441'
'DEA12';'47058'
'DEB22';'54528'
'DE259';'91236'
'DEE05';'06792'
'DE237';'92727'
'DE237';'92723'
'DE238';'93102'
'DE21G';'83546'
'DE408';'14727'
'DED52';'04575'
'DE239';'92445'
'DED44';'08228'
'DE918';'37586'
'DEF0C';'24857'
'DE145';'89601'
'DE114';'73033'
'DE734';'34329'
'DEF0E';'25548'
'DE732';'36039'
'DEA5C';'59174'
'DEB3G';'67742'
'DEA2A';'51597'
'DEA58';'58638'
'DE147';'78354'
'DE927';'31628'
'DE725';'35327'
'DE269';'63897'
'DEA44';'34434'
'DE115';'71634'
'DE115';'74379'
'DE115';'71691'
'DE264';'63826'
'DE115';'71642'
'DE113';'72658'
'DEF0C';'24803'
'DE264';'63875'
'DE116';'71334'
'DE149';'88356'
'DEF0C';'24887'
'DE113';'73773'
'DE731';'34128'
'DE926';'37691'
'DE212';'81247'
'DEE0A';'06295'
'DEG0K';'07387'
'DE212';'80639'
'DE247';'96486'
'DE253';'90762'
'DEG01';'99087'
'DE254';'90451'
'DE735';'34323'
'DE937';'27374'
'DE735';'34302'
'DE119';'74629'
'DEF0E';'25379'
'DEF0C';'24960'
'DE128';'74931'
'DE724';'35287'
'DE112';'71155'
'DEB1A';'56348'
'DEB3G';'67759'
'DE139';'79429'
'DED43';'09557'
'DEF0B';'24796'
'DEF0D';'24632'
'DE933';'21256'
'DE11A';'74572'
'DE732';'36169'
'DE26A';'97450'
'DE600';'20257'
'DE931';'29352'
'DE600';'20539'
'DE300';'12109'
'DE407';'04932'
'DED2F';'01723'
'DE300';'10407'
'DED2F';'01737'
'DE405';'16321'
'DEB1A';'56130'
'DEB3J';'55413'
'DEA5C';'59199'
'DE946';'26655'
'DE228';'94116'
'DED2E';'01640'
'DE225';'94151'
'DE228';'94107'
'DED2F';'01734'
'DE80N';'17335'
'DE80N';'17309'
'DE409';'15345'
'DE136';'78148'
'DEB3J';'55257'
'DE121';'76530'
'DE943';'26125'
'DEF07';'25946'
'DE122';'76187'
'DE12C';'72275'
'DE136';'78126'
'DEB38';'67346'
'DE123';'76661'
'DE139';'79677'
'DE134';'77731'
'DE133';'79211'
'DEB3F';'67691'
'DEB3J';'55218'
'DEB3C';'67273'
'DEA38';'48361'
'DED2C';'01917'
'DE24A';'96332'
'DEE0C';'06464'
'DE246';'95491'
'DE267';'97496'
'DEF0A';'24327'
'DE91B';'38322'
'DED2D';'02826'
'DE21J';'85305'
'DE21H';'82166'
'DE114';'73105'
'DE929';'30455'
'DE929';'30453'
'DE225';'94133'
'DE228';'94124'
'DE300';'12524'
'DED21';'01157'
'DE40C';'15569'
'DED21';'01069'
'DE409';'15378'
'DE40C';'15526'
'DE402';'03054'
'DED2D';'02827'
'DEA1B';'47574'
'DEA2D';'52499'
'DEB23';'54608'
'DEA1B';'47669'
'DEB25';'54310'
'DEA28';'53925'
'DEA12';'47179'
'DEA1D';'41470'
'DEA28';'53881'
'DEC01';'66333'
'DEA12';'47166'
'DEA11';'40547'
'DE94B';'49843'
'DEA11';'40237'
'DEA11';'40593'
'DE216';'83674'
'DE234';'92259'
'DEG0K';'07929'
'DE212';'81677'
'DE249';'95119'
'DE212';'81929'
'DE21H';'85521'
'DE24C';'96247'
'DE21C';'82285'
'DE248';'91369'
'DE934';'29472'
'DE275';'86556'
'DE934';'29476'
'DE248';'91346'
'DE21I';'86562'
'DEG05';'99427'
'DE259';'91227'
'DE24A';'96337'
'DE21J';'86558'
'DEG0U';'07333'
'DEF06';'23896'
'DE911';'38104'
'DE276';'86850'
'DE276';'86872'
'DEB1A';'56349'
'DEB3F';'67697'
'DEA37';'49497'
'DEB1A';'56132'
'DEB1B';'57627'
'DEB13';'57520'
'DEA37';'49536'
'DEB3D';'67808'
'DEB3F';'67693'
'DEB3D';'67728'
'DEA5B';'59469'
'DEB1A';'65582'
'DEB1A';'65626'
'DEB3C';'67468'
'DEB3B';'55578'
'DEA5B';'59519'
'DEA57';'59823'
'DEA5A';'57234'
'DEB3D';'67308'
'DEA28';'53919'
'DEA11';'40210'
'DEA11';'40211'
'DEA16';'45472'
'DEA34';'48712'
'DEA13';'45131'
'DEB22';'54486'
'DEA1A';'42329'
'DEA34';'48739'
'DEB3F';'66879'
'DEA5C';'59192'
'DEB1A';'56341'
'DE300';'13055'
'DEB23';'54664'
'DEA1F';'46535'
'DEA1F';'46514'
'DEA34';'46325'
'DEA11';'40223'
'DEA23';'50765'
'DEA2C';'53913'
'DE94B';'49846'
'DEB12';'53506'
'DEA23';'50670'
'DEA13';'45143'
'DEB22';'54539'
'DEA36';'45968'
'DE71C';'63533'
'DE804';'19063'
'DEE07';'39171'
'DEG0G';'99518'
'DEE0A';'06317'
'DE212';'80939'
'DE21B';'85354'
'DE234';'92265'
'DE248';'91365'
'DE80M';'19071'
'DEE09';'06458'
'DEB1D';'55496'
'DEA35';'48653'
'DEA36';'45772'
'DEB15';'55779'
'DE947';'26524'
'DEA1A';'42389'
'DE27C';'86879'
'DE267';'96166'
'DEF06';'23899'
'DE247';'96145'
'DEG0E';'98669'
'DE245';'96182'
'DEG0T';'99338'
'DE27D';'86682'
'DEG0E';'98666'
'DE25B';'91174'
'DEE09';'38895'
'DE21E';'86981'
'DE21E';'86929'
'DEG09';'99994'
'DE27B';'87679'
'DE21H';'85737'
'DE21H';'85640'
'DE21H';'85653'
'DE21F';'83700'
'DE218';'85658'
'DE21A';'85462'
'DE234';'92274'
'DE244';'95032'
'DEG0L';'07955'
'DE147';'88046'
'DE116';'71577'
'DE918';'37170'
'DEF0C';'24884'
'DEF09';'25370'
'DEF0C';'24966'
'DE27A';'88149'
'DE733';'36166'
'DE114';'73104'
'DEA33';'48151'
'DEB18';'56276'
'DE139';'79597'
'DEA2A';'51702'
'DE139';'79639'
'DEB3F';'67706'
'DE278';'86513'
'DE27C';'87772'
'DE277';'89353'
'DE27D';'86753'
'DEF08';'23701'
'DEB3D';'67821'
'DEA59';'57439'
'DE94E';'49191'
'DE132';'79853'
'DE723';'35794'
'DE723';'65606'
'DEB18';'53560'
'DEA51';'44892'
'DEB17';'56294'
'DEB17';'56330'
'DEA5C';'59379'
'DEB1C';'56858'
'DE942';'26725'
'DEB1C';'56829'
'DE259';'91239'
'DE80M';'23972'
'DE216';'82538'
'DE236';'92283'
'DEE08';'06648'
'DEG0K';'07343'
'DE212';'81479'
'DE21J';'85119'
'DE212';'80797'
'DE21H';'82008'
'DEG0J';'07774'
'DEF0B';'24214'
'DE11C';'89547'
'DEF0D';'22846'
'DE11A';'74564'
'DEF0D';'22844'
'DE27E';'87534'
'DE148';'88316'
'DE265';'97717'
'DEF0C';'24404'
'DE145';'89129'
'DE600';'22337'
'DE145';'89182'
'DE600';'22299'
'DE935';'21385'
'DE11D';'73479'
'DE600';'22047'
'DE279';'89278'
'DE91C';'37520'
'DE91C';'37115'
'DE26C';'97247'
'DE931';'29361'
'DEE03';'39124'
'DE21B';'84072'
'DE268';'97337'
'DE600';'22359'
'DE279';'89290'
'DEF0D';'23816'
'DEF0A';'24235'
'DE11D';'73499'
'DE27C';'87781'
'DE25A';'91478'
'DE914';'38536'
'DE256';'91601'
'DE25A';'91484'
'DE268';'97357'
'DE278';'86476'
'DE25A';'91438'
'DE26B';'97516'
'DE278';'86505'
'DEF0A';'24257'
'DE256';'91632'
'DE267';'97478'
'DEF08';'23714'
'DE216';'83673'
'DE236';'92318'
'DE236';'92364'
'DE946';'26188'
'DEB13';'57562'
'DE948';'49681'
'DE94E';'49196'
'DEB3E';'76744'
'DEB3C';'67152'
'DEA42';'33442'
'DE13A';'79777'
'DEF07';'25997'
'DE94G';'26937'
'DEB3E';'76726'
'DE717';'65428'
'DE725';'36110'
'DEF0B';'24791'
'DE914';'38518'
'DE911';'38120'
'DEG0C';'99869'
'DE27D';'86698'
'DE27D';'86692'
'DE21E';'86934'
'DE917';'38364'
'DE27D';'86684'
'DE21D';'82497'
'DEG0T';'99326'
'DE21D';'82487'
'DE934';'29451'
'DEB13';'57518'
'DEG07';'99752'
'DE91B';'38300'
'DE27D';'86732'
'DE27D';'86751'
'DEG0E';'98660'
'DE93A';'29394'
'DE27C';'86833'
'DE267';'97500'
'DEG0C';'99885'
'DE27C';'86854'
'DE914';'38554'
'DEA12';'47279'
'DEA11';'40589'
'DEA23';'50829'
'DEA27';'50321'
'DEA1C';'42579'
'DEA27';'50389'
'DEA23';'51143'
'DEA34';'48619'
'DEA13';'45139'
'DE116';'71554'
'DE731';'34117'
'DE26A';'97828'
'DE11B';'97922'
'DEF0B';'24768'
'DE145';'89607'
'DE26C';'97292'
'DEA33';'48143'
'DEB18';'57639'
'DEA58';'58636'
'DEB3C';'67311'
'DE124';'76473'
'DE94F';'49401'
'DE943';'26129'
'DE137';'78600'
'DE715';'64757'
'DEA44';'34414'
'DE138';'78345'
'DE118';'74906'
'DE717';'65451'
'DE718';'61267'
'DE123';'76356'
'DE123';'76327'
'DE717';'64546'
'DE932';'27607'
'DE12B';'75305'
'DE13A';'79798'
'DE12A';'75339'
'DEF07';'25924'
'DEA41';'33699'
'DE712';'65933'
'DE502';'27578'
'DE711';'64293'
'DE128';'69207'
'DE138';'78250'
'DEA47';'33181'
'DE932';'27474'
'DE71E';'35519'
'DEA47';'33102'
'DE712';'60388'
'DE143';'72401'
'DE501';'28217'
'DE128';'69151'
'DE501';'28207'
'DE927';'31604'
'DE112';'71157'
'DE71B';'64711'
'DE143';'72461'
'DE71E';'63694'
'DEB3C';'67161'
'DEB3J';'55296'
'DE124';'76571'
'DEB34';'67071'
'DE932';'21784'
'DE91B';'38281'
'DE91C';'37534'
'DE405';'16352'
'DE40A';'16565'
'DE40D';'16918'
'DE408';'14627'
'DED42';'09435'
'DE918';'37547'
'DE925';'31097'
'DE925';'31099'
'DE925';'31196'
'DEB32';'67653'
'DE277';'89449'
'DE93A';'29596'
'DEE0D';'39599'
'DE118';'74337'
'DE12C';'72291'
'DE21K';'83552'
'DE21M';'83344'
'DE719';'63405'
'DE139';'79578'
'DE21H';'82032'
'DE254';'90457'
'DEG0E';'98678'
'DEG0T';'99130'
'DEG0V';'98749'
'DEB25';'54441'
'DEB23';'54666'
'DE928';'31655'
'DE118';'74257'
'DE923';'31812'
'DE927';'31623'
'DE927';'31638'
'DEA36';'45721'
'DE949';'49751'
'DE947';'26603'
'DE94H';'26427'
'DEA45';'32825'
'DE928';'31675'
'DEA44';'34439'
'DE149';'72510'
'DE719';'63549'
'DE93B';'27299'
'DE149';'72488'
'DE147';'88696'
'DE141';'72770'
'DE115';'71679'
'DE111';'70437'
'DE111';'70186'
'DE264';'63825'
'DE117';'74072'
'DE111';'70378'
'DE735';'34637'
'DE725';'36369'
'DEA44';'37671'
'DE264';'63869'
'DE113';'72639'
'DE939';'21714'
'DE939';'21698'
'DE732';'36124'
'DE119';'74677'
'DE929';'30966'
'DE925';'31171'
'DEF0C';'24897'
'DE925';'31157'
'DEF09';'25494'
'DE27A';'88145'
'DE148';'88353'
'DE145';'89198'
'DEF0B';'24582'
'DE11C';'89555'
'DE26C';'97246'
'DE600';'20095'
'DE925';'31167'
'DEG0R';'99834'
'DE600';'22305'
'DE717';'65462'
'DEB39';'67549'
'DE722';'35630'
'DE94E';'49328'
'DE91C';'37133'
'DE600';'22605'
'DEF0D';'25486'
'DE600';'22523'
'DE600';'22175'
'DE25A';'97215'
'DEB25';'54318'
'DEA11';'40549'
'DEA12';'47249'
'DE931';'29356'
'DEG0R';'99831'
'DE11C';'89568'
'DE935';'21360'
'DE935';'21407'
'DE80N';'17509'
'DE300';'13051'
'DED2F';'01762'
'DE406';'15754'
'DE405';'16227'
'DE40G';'03185'
'DE126';'68305'
'DE21N';'86975'
'DE25C';'91802'
'DE275';'86447'
'DE275';'86508'
'DEF08';'23774'
'DEE09';'38820'
'DE731';'34134'
'DEF0E';'25377'
'DE113';'73266'
'DE929';'31535'
'DE735';'34621'
'DEF0C';'24899'
'DE923';'31787'
'DEF0C';'24963'
'DE278';'89352'
'DE277';'89429'
'DE277';'89431'
'DE912';'38226'
'DEA57';'59755'
'DE948';'49692'
'DE944';'49082'
'DE132';'79856'
'DEA57';'59889'
'DEA2D';'52070'
'DEB23';'54619'
'DEA2D';'52224'
'DEA1B';'47589'
'DEA1B';'47627'
'DEA26';'52428'
'DEB23';'54668'
'DEA34';'46419'
'DEA15';'41238'
'DEB23';'54634'
'DEB1A';'56377'
'DEB3K';'66999'
'DEB15';'55624'
'DE22B';'94365'
'DE22A';'84323'
'DED43';'09322'
'DE22B';'94354'
'DE21M';'83362'
'DED42';'08340'
'DED41';'09117'
'DED42';'09419'
'DED53';'04861'
'DE228';'94542'
'DE80L';'18573'
'DE40H';'14974'
'DE228';'94496'
'DE228';'94535'
'DE228';'94148'
'DE300';'14195'
'DEB3C';'67473'
'DEB18';'56269'
'DEB17';'56182'
'DEB17';'56322'
'DE94C';'26670'
'DE264';'97833'
'DE113';'73240'
'DEF0C';'24870'
'DE146';'88521'
'DEF0C';'24885'
'DEF0B';'24793'
'DE925';'31028'
'DE11A';'74544'
'DEA24';'51371'
'DEA23';'50931'
'DEB22';'54497'
'DEA23';'51103'
'DEA13';'45136'
'DEC01';'66129'
'DEA13';'45309'
'DE134';'77889'
'DEG0Q';'98634'
'DE91C';'37434'
'DEG0R';'36466'
'DE737';'37281'
'DE91A';'31241'
'DE278';'89359'
'DEF0F';'22967'
'DE93A';'29556'
'DE27C';'87719'
'DE25A';'96152'
'DE27D';'86747'
'DEB3D';'67722'
'DE132';'79280'
'DEA5B';'58739'
'DE134';'77746'
'DEA54';'59071'
'DE131';'79104'
'DEE0C';'39446'
'DE212';'81371'
'DE24B';'95358'
'DE21B';'85376'
'DEE03';'39108'
'DE212';'81925'
'DE234';'92278'
'DEE0B';'06179'
'DE21A';'85452'
'DE237';'95514'
'DE263';'97070'
'DE145';'89197'
'DE925';'31162'
'DE11D';'73494'
'DE266';'97656'
'DE933';'21220'
'DE933';'21376'
'DE146';'88451'
'DE929';'31311'
'DE931';'29221'
'DEB13';'57636'
'DEB23';'54657'
'DEB21';'54294'
'DEB24';'54570'
'DEB21';'54296'
'DEA27';'50170'
'DEB25';'54331'
'DEA12';'47228'
'DEB25';'54317'
'DEB25';'54320'
'DEB12';'53520'
'DEA23';'51145'
'DEC06';'66606'
'DEC03';'66564'
'DEB1C';'56812'
'DEB22';'56843'
'DEA1A';'42279'
'DE949';'48488'
'DEA18';'42897'
'DEB36';'67435'
'DE723';'65614'
'DEA5B';'59505'
'DEB3C';'67271'
'DEB35';'55122'
'DE94G';'26939'
'DEG0L';'07570'
'DE80O';'19399'
'DE21A';'85456'
'DEE0B';'06184'
'DED44';'08541'
'DED51';'04249'
'DEE05';'06800'
'DE235';'93189'
'DED51';'04129'
'DEG0M';'04603'
'DE22B';'94368'
'DE235';'93185'
'DE21G';'84513'
'DE214';'84543'
'DEA5B';'59514'
'DE134';'77799'
'DE134';'77723'
'DEF08';'23669'
'DE27D';'86690'
'DE917';'38381'
'DE241';'96047'
'DE25B';'91189'
'DE25C';'91785'
'DE271';'86150'
'DE80O';'19073'
'DE259';'90571'
'DEG0U';'07422'
'DE21L';'82327'
'DE934';'29494'
'DEE0A';'06343'
'DE21C';'82140'
'DE80M';'19069'
'DE216';'83661'
'DE147';'88099'
'DE929';'30851'
'DEG0R';'36419'
'DE11A';'74424'
'DE733';'36284'
'DE600';'22119'
'DE279';'89281'
'DE27C';'87764'
'DE11D';'73492'
'DEF0D';'24635'
'DEF0A';'24245'
'DEF0D';'24610'
'DE27C';'87773'
'DE27C';'87734'
'DE27C';'87785'
'DE256';'91550'
'DE266';'97638'
'DE256';'91555'
'DE26B';'97508'
'DE931';'29351'
'DE916';'38704'
'DE277';'89446'
'DEF06';'22958'
'DE93A';'29553'
'DEG09';'99947'
'DEF0F';'22956'
'DEG0C';'99880'
'DE932';'27624'
'DE712';'60316'
'DE12B';'75242'
'DEA46';'32549'
'DEF07';'25842'
'DE137';'78564'
'DEA46';'32545'
'DEB1C';'56253'
'DEA56';'58456'
'DEA36';'44575'
'DEB1D';'56869'
'DEB3G';'66869'
'DE94H';'26556'
'DEB3F';'66882'
'DE929';'30669'
'DE145';'89191'
'DE26A';'97783'
'DE11D';'73565'
'DE943';'26127'
'DEB3B';'67592'
'DEB35';'55128'
'DEA5B';'59597'
'DEB3B';'67591'
'DEB39';'67550'
'DE135';'78144'
'DE13A';'79787'
'DEB18';'56598'
'DE947';'26605'
'DEE09';'06484'
'DE21C';'82284'
'DE248';'91364'
'DEG0G';'99428'
'DE248';'91322'
'DEG0U';'07407'
'DE24A';'96268'
'DE248';'91349'
'DEE04';'39624'
'DED53';'04769'
'DE235';'93453'
'DE229';'94239'
'DE22A';'84359'
'DE22A';'84364'
'DEG0V';'98724'
'DE300';'12055'
'DE12C';'72186'
'DE143';'72351'
'DE128';'74918'
'DE137';'78573'
'DE128';'69253'
'DE128';'74909'
'DE112';'71126'
'DEA45';'32760'
'DE721';'35410'
'DE143';'72361'
'DEC03';'66589'
'DE26B';'97464'
'DE925';'31185'
'DEF0A';'24211'
'DE25A';'91465'
'DE11D';'73485'
'DE11C';'89561'
'DE277';'89437'
'DE278';'89364'
'DE278';'86381'
'DEF0D';'23818'
'DEG06';'37355'
'DE933';'21395'
'DE935';'21382'
'DE93A';'29587'
'DE266';'97631'
'DED21';'01219'
'DED21';'01277'
'DEA47';'33165'
'DE713';'63075'
'DEA1F';'47475'
'DEA26';'52351'
'DE134';'77787'
'DEB3C';'67157'
'DE949';'26903'
'DE94H';'26465'
'DEB3K';'66504'
'DEB17';'56323'
'DEA58';'58515'
'DEA33';'48159'
'DEB17';'56743'
'DE259';'91217'
'DE216';'83670'
'DE212';'80689'
'DE212';'80687'
'DE21B';'85411'
'DEE0C';'39418'
'DE246';'95494'
'DEG0K';'07389'
'DE80M';'19417'
'DE21J';'85290'
'DE21H';'82024'
'DE234';'92280'
'DE249';'95236'
'DEE0C';'06406'
'DE249';'95213'
'DEE0D';'39579'
'DE21B';'84104'
'DE249';'95152'
'DEE0C';'39217'
'DE21A';'85464'
'DE218';'85591'
'DE226';'93358'
'DE21K';'83620'
'DE80O';'19376'
'DE218';'85614'
'DE21N';'82398'
'DE245';'91332'
'DE275';'86577'
'DE21D';'82499'
'DE21C';'82239'
'DE934';'29485'
'DE217';'86567'
'DEE0C';'06467'
'DE804';'19061'
'DEE08';'06682'
'DEE02';'06118'
'DE80K';'18258'
'DE21K';'83543'
'DEA56';'58455'
'DEA2C';'53819'
'DEB1D';'56288'
'DE949';'49770'
'DE254';'90439'
'DEE07';'39359'
'DE21E';'86919'
'DE21D';'82449'
'DE254';'90403'
'DE21N';'82407'
'DE254';'90482'
'DEG0V';'96515'
'DEE09';'38828'
'DE254';'90473'
'DEG0V';'96524'
'DE257';'90542'
'DE21I';'86571'
'DE21I';'86561'
'DE219';'85117'
'DE248';'91286'
'DE13A';'79802'
'DE717';'64579'
'DEE01';'06847'
'DE80K';'18182'
'DE21G';'84428'
'DEG0M';'04610'
'DE227';'84092'
'DE21G';'84539'
'DED52';'04416'
'DE239';'92542'
'DE21M';'83250'
'DE21H';'85609'
'DE234';'92289'
'DE226';'93343'
'DE218';'85598'
'DE21F';'83734'
'DE21F';'83727'
'DED43';'09623'
'DED2F';'01776'
'DE80J';'17337'
'DE407';'03246'
'DED21';'01307'
'DE40B';'01987'
'DED21';'01328'
'DE40B';'03229'
'DED2C';'02991'
'DE40G';'03116'
'DE402';'03051'
'DE40C';'15898'
'DED43';'09569'
'DE229';'94269'
'DE300';'14163'
'DE300';'14169'
'DE228';'94113'
'DE300';'12049'
'DEF0E';'25581'
'DE21J';'85276'
'DE24B';'95365'
'DE21J';'85293'
'DEE08';'06647'
'DE212';'81377'
'DE212';'81541'
'DE71E';'61197'
'DE716';'64832'
'DE501';'28309'
'DE112';'71272'
'DEF05';'25704'
'DE138';'78476'
'DE40G';'03159'
'DE25B';'91154'
'DEE07';'39397'
'DE25C';'91790'
'DE245';'96196'
'DE21L';'82346'
'DE24C';'96260'
'DEG0U';'07429'
'DE259';'90537'
'DE21I';'86673'
'DE24A';'96328'
'DE24A';'96342'
'DE21J';'85302'
'DE236';'92361'
'DE136';'78087'
'DE126';'68159'
'DE128';'68789'
'DE716';'64390'
'DE137';'78607'
'DE137';'78554'
'DE711';'64283'
'DE712';'60596'
'DE501';'28717'
'DE712';'60313'
'DE137';'78588'
'DE721';'35418'
'DE278';'89367'
'DE935';'21386'
'DEF0A';'24256'
'DE935';'21357'
'DE256';'91634'
'DEF06';'21526'
'DEB17';'56637'
'DEA56';'58339'
'DEB23';'54597'
'DEB23';'54646'
'DEA26';'52353'
'DEA1F';'46519'
'DEA1D';'41516'
'DEA14';'47800'
'DEA1D';'40668'
'DEB21';'54295'
'DEA27';'50226'
'DEA34';'46348'
'DEA11';'40479'
'DEA11';'40477'
'DEC04';'66359'
'DE716';'64807'
'DE716';'64401'
'DE112';'75392'
'DEE07';'39343'
'DE212';'80335'
'DEE0C';'39443'
'DEE0D';'39576'
'DE939';'21635'
'DEE08';'06667'
'DE24D';'95100'
'DEE08';'06686'
'DE21K';'83109'
'DE24D';'95186'
'DE23A';'92703'
'DE227';'84030'
'DE227';'84088'
'DE21K';'83115'
'DEE05';'06766'
'DE80K';'18184'
'DE21G';'84419'
'DED52';'04442'
'DEE05';'06774'
'DE227';'84109'
'DE21G';'84573'
'DED45';'08066'
'DE22C';'84177'
'DE40E';'14823'
'DE22B';'94363'
'DED52';'04680'
'DED45';'09353'
'DED42';'08359'
'DE40D';'16816'
'DE40D';'16831'
'DE22B';'94374'
'DE224';'94505'
'DEA45';'32108'
'DE713';'63067'
'DEA45';'32758'
'DE128';'69256'
'DE721';'35469'
'DE716';'64354'
'DE12B';'75449'
'DE128';'69436'
'DE142';'72119'
'DE137';'78579'
'DE922';'27246'
'DE735';'34630'
'DE127';'74847'
'DE143';'72479'
'DE927';'31618'
'DE138';'78355'
'DE932';'21745'
'DE719';'63579'
'DE93B';'27337'
'DE22A';'94166'
'DED43';'04749'
'DE80J';'17089'
'DE600';'20457'
'DE11A';'74585'
'DE600';'21107'
'DE600';'20251'
'DE26C';'97199'
'DE933';'21272'
'DE600';'20537'
'DEF0B';'24220'
'DE600';'22393'
'DEF0F';'23858'
'DE914';'29365'
'DE916';'38640'
'DE712';'60599'
'DE736';'34497'
'DE12A';'75397'
'DE143';'72359'
'DE12B';'75443'
'DE724';'35274'
'DE716';'64823'
'DE143';'72406'
'DE719';'63452'
'DE143';'72379'
'DE71E';'63691'
'DE719';'63546'
'DEF05';'25724'
'DE719';'63526'
'DE716';'64850'
'DE719';'63517'
'DE142';'72144'
'DEF05';'25541'
'DE118';'74936'
'DE142';'72135'
'DE928';'31712'
'DE127';'74865'
'DE246';'95490'
'DE232';'93049'
'DE21M';'83377'
'DED52';'04821'
'DE80L';'18356'
'DE235';'93499'
'DED42';'09385'
'DEF02';'24149'
'DE27E';'87448'
'DE931';'29331'
'DE91B';'38279'
'DE268';'97359'
'DEG06';'37327'
'DE278';'86488'
'DE27E';'87493'
'DE91A';'38159'
'DE27C';'87746'
'DEF0F';'22969'
'DE935';'21447'
'DE256';'91589'
'DE93A';'29593'
'DE25A';'91477'
'DE27E';'87497'
'DE27C';'87754'
'DE914';'38530'
'DE11D';'73469'
'DE256';'91731'
'DE91B';'38312'
'DEF06';'23898'
'DEF0A';'24329'
'DE278';'86483'
'DE25A';'91413'
'DE916';'37444'
'DE27C';'87740'
'DEF02';'24105'
'DE93A';'29578'
'DE935';'21400'
'DE80O';'19258'
'DE914';'38547'
'DE276';'86465'
'DE277';'89443'
'DE25A';'91489'
'DE914';'38477'
'DE80J';'17255'
'DED43';'09648'
'DE40D';'16835'
'DE215';'83483'
'DED41';'09131'
'DED53';'04874'
'DE235';'93470'
'DED43';'04741'
'DE229';'94259'
'DE40A';'16515'
'DE258';'90574'
'DEE04';'38489'
'DE917';'38373'
'DE917';'38378'
'DE917';'38458'
'DE132';'79244'
'DE134';'77955'
'DE133';'79364'
'DE133';'79276'
'DEA15';'41179'
'DEC02';'66706'
'DEA1B';'47661'
'DEA27';'50181'
'DEA1F';'46487'
'DEA26';'52391'
'DEA1D';'41569'
'DEB21';'54290'
'DEA34';'48691'
'DEC04';'66809'
'DEB22';'54534'
'DEA23';'50859'
'DEA23';'50858'
'DEA11';'40595'
'DEA36';'46284'
'DEA23';'50969'
'DE408';'14712'
'DED44';'08648'
'DE214';'84567'
'DE40D';'16818'
'DE229';'94234'
'DE235';'93480'
'DED42';'09465'
'DE40H';'14947'
'DE229';'94253'
'DE22A';'94140'
'DED42';'09437'
'DE228';'94544'
'DE237';'92709'
'DE80K';'17168'
'DED45';'08107'
'DE401';'14772'
'DE939';'21682'
'DE27D';'86756'
'DE245';'96163'
'DE245';'96114'
'DE245';'96199'
'DE21E';'86928'
'DEE09';'38838'
'DE21N';'82405'
'DEF08';'23775'
'DE21I';'86676'
'DE148';'88263'
'DEF0B';'25585'
'DE148';'88361'
'DE733';'36275'
'DE939';'21723'
'DEF0C';'24878'
'DE939';'21644'
'DE116';'71566'
'DE234';'92271'
'DE234';'92272'
'DEE0B';'06259'
'DE24D';'95697'
'DEG0L';'07557'
'DEE0B';'06237'
'DE232';'93051'
'DE115';'70839'
'DE264';'63814'
'DE937';'27446'
'DE118';'74226'
'DE928';'31707'
'DE112';'71144'
'DEF07';'25876'
'DE734';'34311'
'DE113';'72667'
'DE269';'63933'
'DE928';'31702'
'DE141';'72800'
'DE141';'72585'
'DE264';'63872'
'DE264';'63846'
'DE141';'72661'
'DE735';'34281'
'DE141';'72581'
'DE227';'84032'
'DE23A';'95688'
'DE21K';'83544'
'DE80K';'18196'
'DEG0L';'07580'
'DE239';'92548'
'DEE01';'06844'
'DE922';'27232'
'DEF07';'25927'
'DEF07';'25836'
'DE716';'64372'
'DE137';'78595'
'DE12B';'75433'
'DE112';'71263'
'DE138';'78239'
'DE501';'28203'
'DE12B';'75446'
'DE932';'21775'
'DEA45';'32689'
'DE736';'35285'
'DE112';'71277'
'DE922';'27330'
'DEF07';'25889'
'DE71E';'63695'
'DE725';'36320'
'DEF0C';'24969'
'DE927';'31633'
'DEF05';'25729'
'DE264';'63773'
'DE112';'71069'
'DE112';'71106'
'DE264';'63791'
'DE112';'71063'
'DE116';'71332'
'DE113';'73230'
'DE933';'21436'
'DE118';'74832'
'DEF06';'23628'
'DEF06';'23881'
'DE276';'86399'
'DE406';'15711'
'DED21';'01217'
'DEA2C';'53797'
'DED42';'09548'
'DE300';'12047'
'DE222';'94032'
'DE21J';'85309'
'DE219';'85101'
'DE24B';'95367'
'DE236';'92345'
'DE21H';'82041'
'DEE03';'39130'
'DEE03';'39120'
'DE212';'80539'
'DE226';'84097'
'DEG02';'07551'
'DE21K';'83561'
'DE80K';'18273'
'DE237';'92660'
'DE237';'92699'
'DE21K';'83549'
'DE238';'93089'
'DE21K';'83229'
'DE238';'93090'
'DED44';'08258'
'DEE0E';'06785'
'DEE0E';'06869'
'DE238';'93179'
'DE21M';'83119'
'DEE0E';'06773'
'DE235';'93194'
'DE80L';'18337'
'DE21G';'84574'
'DEG0M';'04617'
'DE239';'92554'
'DED42';'08304'
'DED53';'04425'
'DE21G';'84570'
'DE214';'84518'
'DE21M';'83368'
'DE300';'10247'
'DED2F';'01774'
'DE300';'12527'
'DE406';'15732'
'DE80N';'17398'
'DE212';'80933'
'DE80M';'23992'
'DE21H';'82054'
'DEE08';'06632'
'DE246';'95517'
'DE237';'91281'
'DEE03';'39106'
'DE212';'81827'
'DE21F';'83626'
'DEG0J';'07619'
'DE80O';'19406'
'DE21B';'85416'
'DE21B';'85410'
'DE80K';'18211'
'DE40F';'16928'
'DE256';'91740'
'DEF08';'23617'
'DE115';'74369'
'DEB3B';'55288'
'DEA5A';'57250'
'DEB1B';'56477'
'DE949';'26871'
'DEB18';'56567'
'DEB3K';'66497'
'DEA37';'48341'
'DEB3K';'66501'
'DE136';'78120'
'DEB3C';'67251'
'DE235';'93455'
'DE21M';'83374'
'DE214';'84556'
'DE22C';'94436'
'DE80L';'18461'
'DE224';'94563'
'DE80L';'18442'
'DE215';'83435'
'DED41';'09114'
'DED43';'04736'
'DE80L';'18507'
'DE22A';'84385'
'DE247';'96476'
'DE25A';'91469'
'DE245';'96169'
'DE276';'86356'
'DE276';'86707'
'DE25C';'91801'
'DE914';'38465'
'DE934';'29490'
'DE917';'38376'
'DE275';'86444'
'DE245';'96175'
'DE271';'86161'
'DE934';'29481'
'DE917';'38459'
'DE25B';'91186'
'DE116';'73663'
'DE735';'34593'
'DE26A';'97816'
'DEF09';'25371'
'DE148';'88284'
'DEF0E';'25368'
'DE148';'88212'
'DE26A';'97785'
'DE929';'30952'
'DE737';'37235'
'DE300';'12351'
'DEG0K';'07924'
'DE218';'85652'
'DE80K';'18246'
'DEG0J';'07607'
'DE238';'93152'
'DEA54';'59063'
'DE132';'79249'
'DE131';'79098'
'DEA23';'50937'
'DEA23';'50997'
'DEA1C';'40724'
'DEA23';'50668'
'DEA13';'45141'
'DEA13';'45327'
'DEC06';'66649'
'DEA58';'58513'
'DE132';'79426'
'DE134';'77977'
'DEA58';'58708'
'DE134';'77966'
'DEA38';'48351'
'DEA59';'57462'
'DE139';'79669'
'DE27D';'86754'
'DE256';'90599'
'DE256';'91580'
'DE27D';'86609'
'DE93A';'29562'
'DE258';'91452'
'DE276';'86477'
'DE914';'38468'
'DE265';'97688'
'DEF0D';'24629'
'DE600';'20149'
'DE931';'29223'
'DE91A';'31249'
'DE26C';'97239'
'DE600';'21037'
'DEF0A';'24637'
'DEG0R';'36457'
'DE91C';'37539'
'DEF0A';'24601'
'DE916';'38729'
'DE27E';'87527'
'DE600';'21029'
'DEF0D';'24628'
'DE146';'88459'
'DE600';'22149'
'DED21';'01279'
'DE40B';'01998'
'DE406';'15868'
'DE40G';'03130'
'DED2D';'02730'
'DE12A';'75337'
'DE717';'65479'
'DE136';'78183'
'DE128';'68766'
'DE715';'68519'
'DE128';'69493'
'DE724';'35041'
'DE238';'93096'
'DE238';'93093'
'DED44';'08645'
'DED45';'08428'
'DED44';'08248'
'DED51';'04288'
'DE943';'26133'
'DE124';'76467'
'DEB3I';'67136'
'DE94E';'49152'
'DEA42';'33397'
'DEB3J';'55278'
'DE122';'76149'
'DE13A';'79879'
'DEA13';'45277'
'DEA22';'53127'
'DEA36';'45770'
'DEA33';'48163'
'DEA52';'44309'
'DEA35';'59387'
'DEB3G';'67753'
'DE249';'95145'
'DED44';'08538'
'DE237';'92700'
'DE80O';'19386'
'DE226';'93352'
'DE803';'18109'
'DE24D';'95199'
'DE227';'84061'
'DED44';'08529'
'DE408';'14621'
'DED42';'09488'
'DE404';'14471'
'DE115';'71696'
'DE725';'36304'
'DE118';'74235'
'DEA44';'37688'
'DE141';'72829'
'DE264';'63828'
'DE914';'38476'
'DE25C';'91741'
'DE25C';'91720'
'DE247';'96479'
'DE25C';'91799'
'DE247';'96482'
'DE245';'96149'
'DE247';'96269'
'DEE09';'38822'
'DE21E';'86974'
'DE245';'96129'
'DE254';'90453'
'DE257';'91088'
'DE254';'90402'
'DE25B';'91161'
'DE237';'92648'
'DE238';'93104'
'DED44';'08496'
'DE22C';'84152'
'DEE0E';'06886'
'DED52';'04654'
'DEF07';'25884'
'DE149';'88634'
'DE725';'36326'
'DE111';'70192'
'DEE0C';'06429'
'DEE0C';'39218'
'DE246';'95482'
'DEA34';'46397'
'DEA12';'47199'
'DEA12';'47198'
'DEA1D';'41542'
'DEB22';'54531'
'DEA11';'40476'
'DEB25';'54346'
'DEA1C';'40878'
'DEA1C';'40822'
'DEB24';'56769'
'DEA1C';'42781'
'DEA22';'53117'
'DE134';'77887'
'DEB3J';'55271'
'DE94D';'26197'
'DE13A';'79761'
'DE723';'35799'
'DE124';'76470'
'DEB3E';'76751'
'DE714';'65191'
'DE135';'77761'
'DE13A';'79793'
'DEF06';'21514'
'DE277';'86637'
'DE256';'91595'
'DE27B';'87666'
'DE256';'91746'
'DEB3K';'66976'
'DE94E';'49626'
'DE139';'79539'
'DEB14';'67829'
'DE132';'79268'
'DE132';'79288'
'DEB13';'51598'
'DE132';'79294'
'DE40E';'14797'
'DE249';'95197'
'DE21B';'85399'
'DEE0C';'39240'
'DEB3I';'67112'
'DEA16';'45403'
'DEA1C';'40832'
'DE239';'92557'
'DE214';'84550'
'DE27C';'86842'
'DE24B';'95355'
'DE80O';'19079'
'DE133';'79348'
'DE94E';'49594'
'DEB3D';'67725'
'DE946';'26160'
'DEA5B';'59510'
'DEA5A';'57290'
'DEA17';'46149'
'DEA1C';'40789'
'DE212';'81825'
'DE249';'95239'
'DEE06';'39245'
'DEE05';'06386'
'DE27B';'87494'
'DE27B';'87674'
'DEG0C';'99887'
'DE91B';'38321'
'DEA32';'45888'
'DEA51';'44795'
'DEB1D';'55469'
'DEB18';'56579'
'DE947';'26629'
'DE113';'73733'
'DEF0C';'24861'
'DE269';'63928'
'DE127';'74706'
'DE269';'97901'
'DEF0C';'24848'
'DE926';'37699'
'DE116';'73630'
'DEF01';'24937'
'DEA29';'41812'
'DEC02';'66663'
'DEB24';'54568'
'DEA27';'50171'
'DEB23';'54662'
'DE933';'21445'
'DEF02';'24159'
'DEF0F';'23863'
'DE933';'21441'
'DE931';'29342'
'DE27C';'87751'
'DE13A';'79771'
'DE12C';'72290'
'DE722';'35768'
'DE718';'61279'
'DEF0B';'24800'
'DE929';'31832'
'DE116';'71549'
'DE26A';'97892'
'DEF0B';'24811'
'DEF0E';'25597'
'DE933';'21258'
'DEF0B';'24813'
'DEB1C';'56766'
'DEA34';'48734'
'DEA23';'50999'
'DEC03';'66557'
'DEA1C';'42551'
'DEA22';'53123'
'DEA19';'42655'
'DE132';'79235'
'DE133';'79361'
'DEB11';'56068'
'DEB1D';'55432'
'DEB3K';'67714'
'DEB1B';'56203'
'DE219';'85072'
'DE24C';'96272'
'DEG0A';'06577'
'DE24A';'96277'
'DE248';'91367'
'DE21N';'82392'
'DE804';'19057'
'DEA52';'44143'
'DEB3K';'66917'
'DEB3K';'66506'
'DEA5C';'58239'
'DEB17';'56321'
'DE300';'12357'
'DE116';'73667'
'DE732';'36151'
'DEF0B';'24784'
'DE133';'79312'
'DEB1B';'57645'
'DEB13';'57584'
'DEB3F';'67681'
'DE94E';'49565'
'DE94E';'49635'
'DE71D';'65321'
'DE139';'79694'
'DE13A';'79682'
'DE944';'49090'
'DE723';'65599'
'DE945';'26389'
'DEA1A';'42399'
'DEA35';'48301'
'DEB12';'56656'
'DE227';'84100'
'DE23A';'95671'
'DE22C';'84183'
'DEG0M';'04600'
'DE22B';'94369'
'DE22B';'94339'
'DE21M';'83339'
'DE235';'93489'
'DE80J';'17139'
'DE22B';'94360'
'DED42';'08280'
'DE224';'94569'
'DE215';'83451'
'DED41';'09119'
'DE224';'94554'
'DED42';'09477'
'DE224';'94560'
'DED41';'09123'
'DE215';'83404'
'DE224';'94539'
'DE80N';'17121'
'DED42';'09471'
'DE40A';'16798'
'DED42';'09432'
'DE224';'94530'
'DE224';'94508'
'DE228';'94575'
'DE228';'94060'
'DED42';'09526'
'DE300';'13627'
'DE300';'12205'
'DE300';'14197'
'DE142';'72149'
'DED44';'08223'
'DE26A';'97859'
'DEF0C';'24817'
'DE25A';'91480'
'DE25A';'90619'
'DE25A';'91486'
'DEF08';'23730'
'DE228';'94154'
'DE300';'10785'
'DE300';'10967'
'DE211';'85055'
'DE259';'91247'
'DE80O';'19067'
'DE212';'80686'
'DE212';'80637'
'DEA2B';'51465'
'DE949';'49744'
'DE949';'49762'
'DEA18';'42859'
'DEA2B';'51491'
'DE925';'31093'
'DE925';'31094'
'DEE0E';'06791'
'DEF03';'23539'
'DE600';'20038'
'DE409';'15372'
'DE134';'77944'
'DE245';'96173'
'DE27B';'87642'
'DE245';'96148'
'DEG0E';'98673'
'DE276';'86695'
'DEG0A';'99718'
'DE257';'91325'
'DE917';'38368'
'DE21E';'86492'
'DE21N';'82383'
'DE247';'96472'
'DEG01';'99089'
'DE275';'86573'
'DEB3B';'67575'
'DEA41';'33649'
'DE212';'80935'
'DEG03';'07749'
'DE212';'81671'
'DE21F';'83624'
'DEA55';'44627'
'DEA42';'33335'
'DEA41';'33619'
'DEA41';'33615'
'DE922';'49419'
'DE716';'64347'
'DE722';'35582'
'DE502';'27576'
'DE12A';'75385'
'DE139';'79513'
'DE139';'79683'
'DE139';'79691'
'DE139';'79697'
'DE139';'79699'
'DE215';'83489'
'DE218';'83565'
'DE917';'38388'
'DE71B';'64743'
'DE911';'38023'
'DEG0T';'98704'
'DEG0U';'07334'
'DE216';'82444'
'DE21I';'86579'
'DED45';'08115'
'DED45';'08147'
'DE212';'81829'
'DE249';'95180'
'DE231';'92224'
'DE226';'93346'
'DE23A';'95505'
'DEE0B';'06242'
'DE249';'95126'
'DE24D';'95709'
'DE238';'93183'
'DE238';'93182'
'DE21D';'82490'
'DE254';'90469'
'DE254';'90491'
'DE21E';'82211'
'DE21C';'82296'
'DEG0U';'07318'
'DE80O';'19294'
'DEG0G';'99444'
'DE259';'90559'
'DEG0D';'99636'
'DE246';'91278'
'DEF09';'25365'
'DE145';'89619'
'DE732';'36100'
'DE146';'88441'
'DE929';'30853'
'DE26C';'97295'
'DE11D';'73525'
'DE11B';'97999'
'DE26C';'97271'
'DEE0C';'39439'
'DE24B';'95362'
'DE80O';'19412'
'DEE03';'39128'
'DEG03';'07747'
'DE212';'81673'
'DE236';'92331'
'DE21H';'85630'
'DE249';'95189'
'DE21C';'82276'
'DE254';'90480'
'DE219';'85135'
'DE24C';'96264'
'DE219';'85137'
'DE25B';'91171'
'DE236';'92342'
'DE21C';'82223'
'DE271';'86156'
'DE944';'49084'
'DE134';'77784'
'DE71D';'65344'
'DEB3C';'67147'
'DE94E';'49163'
'DEB3C';'67149'
'DEA42';'33829'
'DEB3I';'67134'
'DEB35';'55131'
'DEB3I';'67259'
'DEE0E';'06772'
'DEG0M';'04639'
'DED51';'04275'
'DE258';'90579'
'DE25C';'91757'
'DE257';'91097'
'DE27D';'86700'
'DEE09';'38889'
'DE934';'29465'
'DEF07';'25938'
'DE923';'31020'
'DE734';'34260'
'DE734';'34359'
'DEF0C';'24882'
'DE26A';'97842'
'DE235';'93458'
'DE600';'22399'
'DE931';'29227'
'DEF0B';'24119'
'DE27C';'87763'
'DE93A';'29565'
'DEG0R';'99817'
'DEB1A';'56340'
'DEB13';'57589'
'DE217';'85247'
'DEG0G';'99441'
'DEA2D';'52074'
'DEA29';'52511'
'DEA1B';'47647'
'DEA28';'53937'
'DEB24';'54584'
'DEB25';'54459'
'DEA1F';'46562'
'DEA1F';'47443'
'DEA11';'40239'
'DEC02';'66687'
'DEA31';'46244'
'DEA17';'46047'
'DEG0Q';'98590'
'DE27C';'87766'
'DE27E';'87545'
'DEF06';'21521'
'DE277';'89423'
'DE273';'87435'
'DEG09';'99986'
'DE256';'91578'
'DEF0F';'22964'
'DE278';'89356'
'DE139';'79591'
'DE922';'49356'
'DE722';'35619'
'DEB3J';'67583'
'DE717';'65474'
'DE113';'73274'
'DE734';'34376'
'DE732';'36103'
'DE141';'72537'
'DE735';'34326'
'DE26A';'97855'
'DE926';'37632'
'DEF0B';'24816'
'DEB3B';'55291'
'DE132';'79871'
'DE722';'35686'
'DE12C';'72270'
'DE928';'31691'
'DE261';'63801'
'DE71E';'63699'
'DE141';'72124'
'DE928';'31749'
'DE138';'78479'
'DE127';'74722'
'DE734';'34289'
'DE237';'92720'
'DE80K';'18276'
'DE238';'93080'
'DE238';'93128'
'DEG02';'07552'
'DE239';'93158'
'DE21A';'84416'
'DE21A';'84439'
'DEG02';'07546'
'DE213';'83022'
'DE227';'84051'
'DEE01';'06849'
'DED51';'04178'
'DEG0M';'04613'
'DE21G';'83555'
'DE21K';'83129'
'DED45';'08427'
'DED51';'04229'
'DED51';'04155'
'DE238';'93099'
'DED51';'04103'
'DE21G';'84494'
'DE80O';'19249'
'DE245';'96155'
'DE731';'34119'
'DE926';'37627'
'DE300';'13593'
'DE300';'13589'
'DE80L';'18556'
'DE229';'94258'
'DE300';'14050'
'DE26B';'97505'
'DE256';'91541'
'DE600';'21033'
'DE931';'29348'
'DE27C';'87748'
'DE279';'89299'
'DEG0L';'07937'
'DE244';'95028'
'DE249';'95194'
'DE237';'92665'
'DE239';'93142'
'DE21K';'83135'
'DE21G';'83562'
'DE21K';'83071'
'DE227';'84181'
'DE21G';'84437'
'DE239';'92555'
'DE228';'94167'
'DE40A';'16547'
'DE300';'14057'
'DE40A';'16548'
'DE300';'12169'
'DE300';'12159'
'DE300';'13347'
'DE300';'10115'
'DE141';'88529'
'DEF0E';'25348'
'DE141';'72582'
'DEA2C';'53809'
'DEB18';'56588'
'DEB3F';'66892'
'DE947';'26607'
'DE21M';'83224'
'DE21G';'84562'
'DE80L';'18375'
'DED45';'08134'
'DE214';'84577'
'DED45';'09356'
'DE22B';'94372'
'DE22A';'84552'
'DE22B';'94366'
'DED53';'04889'
'DE22A';'84378'
'DE215';'83416'
'DED43';'04746'
'DE27B';'87484'
'DE25A';'91474'
'DE277';'86657'
'DE934';'29439'
'DE71C';'63303'
'DE143';'72417'
'DEF07';'25840'
'DE142';'72810'
'DE735';'34596'
'DE125';'69120'
'DE71E';'35516'
'DE137';'78665'
'DE128';'69234'
'DE143';'72356'
'DE137';'78604'
'DE12B';'75223'
'DE927';'31600'
'DEA46';'32427'
'DE137';'78570'
'DE127';'74867'
'DE719';'63505'
'DEA45';'32683'
'DE127';'69427'
'DEF0C';'24980'
'DE264';'63867'
'DE932';'21787'
'DE235';'93191'
'DED45';'08056'
'DE237';'92693'
'DE21M';'83308'
'DE235';'93488'
'DE235';'93413'
'DE935';'21369'
'DE914';'38473'
'DE258';'90617'
'DE91A';'38176'
'DE914';'38539'
'DE25A';'91613'
'DE26B';'97499'
'DE914';'29369'
'DE277';'89435'
'DEG07';'99759'
'DE224';'94533'
'DE80J';'17217'
'DE408';'14612'
'DE235';'93492'
'DE22B';'94359'
'DED45';'09355'
'DE22A';'84307'
'DE218';'85665'
'DE21B';'85419'
'DE80L';'18317'
'DE408';'14641'
'DE22C';'94405'
'DE22C';'94428'
'DED42';'08297'
'DE22B';'94553'
'DE259';'91284'
'DE21H';'82031'
'DE212';'80339'
'DE24B';'95499'
'DE40F';'19357'
'DE234';'92262'
'DE212';'80331'
'DE24B';'95352'
'DE212';'81679'
'DEE03';'39104'
'DEG0T';'99310'
'DE255';'91126'
'DE934';'29468'
'DED51';'04205'
'DED44';'08468'
'DE239';'92545'
'DE21K';'83125'
'DE112';'71116'
'DE138';'78269'
'DE137';'78603'
'DEF07';'25852'
'DEA45';'32805'
'DE71B';'64753'
'DE138';'78333'
'DE142';'72070'
'DE927';'31621'
'DE142';'72072'
'DE725';'35329'
'DE143';'72393'
'DE142';'72074'
'DE719';'63594'
'DE928';'31711'
'DE927';'31608'
'DE127';'74855'
'DE127';'74838'
'DE141';'72141'
'DE111';'70199'
'DE929';'30989'
'DE939';'21641'
'DE732';'36148'
'DE406';'15926'
'DE80L';'18609'
'DE300';'12526'
'DE405';'16359'
'DE225';'94158'
'DE80N';'17358'
'DE40C';'15890'
'DED2D';'02788'
'DED2D';'02929'
'DE219';'85139'
'DE217';'85238'
'DE246';'91287'
'DEE0D';'39615'
'DE24B';'95364'
'DE212';'80796'
'DE40H';'14943'
'DE300';'13591'
'DE229';'94252'
'DE212';'80805'
'DE246';'95497'
'DEG0K';'07907'
'DE139';'79576'
'DEB3K';'66969'
'DEB1A';'56112'
'DE94C';'26849'
'DEA33';'48165'
'DE948';'49696'
'DE948';'49688'
'DE94C';'26802'
'DE949';'49809'
'DEB18';'53578'
'DEA2A';'51766'
'DEA52';'44369'
'DEA37';'48431'
'DEA32';'45891'
'DE94B';'48531'
'DEA2C';'53844'
'DEA22';'53111'
'DEA56';'45549'
'DEA36';'45665'
'DEB17';'56736'
'DEA36';'45711'
'DE27B';'87650'
'DE245';'96132'
'DE276';'86450'
'DE911';'38126'
'DE267';'97475'
'DE21D';'82491'
'DE24C';'96215'
'DEE0A';'06537'
'DEF01';'24943'
'DE732';'36119'
'DEF0E';'25361'
'DE225';'94566'
'DE300';'10963'
'DE300';'12349'
'DE300';'10997'
'DE300';'10409'
'DE922';'49406'
'DE135';'78664'
'DE26A';'97791'
'DE929';'30900'
'DE119';'74653'
'DE91C';'37127'
'DEB3H';'67489'
'DEB3B';'67598'
'DEB3C';'67159'
'DEB3E';'76776'
'DEB3B';'67599'
'DEB3B';'67595'
'DE722';'35687'
'DEB3J';'67585'
'DEB11';'56077'
'DE139';'79595'
'DEA5C';'59427'
'DEB14';'55590'
'DE132';'79410'
'DEB1B';'56204'
'DED41';'09130'
'DED43';'09573'
'DE225';'94572'
'DE224';'94532'
'DE80J';'17258'
'DE225';'94536'
'DE300';'10627'
'DE222';'94034'
'DE300';'13189'
'DE300';'12347'
'DE219';'91809'
'DE21C';'82278'
'DE21I';'86697'
'DE12C';'72297'
'DE234';'92281'
'DE21N';'82399'
'DE248';'91090'
'DEG0V';'96523'
'DEA11';'40212'
'DEA23';'50935'
'DEA2C';'53359'
'DEA31';'46240'
'DEA36';'45964'
'DEC01';'66111'
'DEA24';'51381'
'DEB22';'56841'
'DE119';'74214'
'DEF0E';'25578'
'DE926';'37640'
'DEF09';'25335'
'DE926';'37620'
'DE114';'73110'
'DE145';'89150'
'DE245';'96185'
'DE276';'86514'
'DE935';'21368'
'DE914';'38557'
'DE276';'86830'
'DE25C';'91805'
'DEE0D';'39629'
'DE934';'29493'
'DEE0D';'39517'
'DE212';'80993'
'DE246';'95473'
'DE212';'81545'
'DE234';'91275'
'DE300';'10719'
'DE300';'10555'
'DE300';'12249'
'DE80N';'17391'
'DE300';'10829'
'DE300';'12309'
'DEG0U';'07349'
'DE24A';'96367'
'DE11A';'74532'
'DEB12';'53424'
'DE245';'96161'
'DE21A';'85467'
'DE246';'95694'
'DE217';'85229'
'DE21I';'85123'
'DE300';'10317'
'DE933';'21274'
'DE925';'31199'
'DE11A';'74586'
'DE146';'88430'
'DE91C';'37085'
'DE933';'21227'
'DE600';'22041'
'DE11A';'74597'
'DE279';'89287'
'DE268';'97340'
'DE268';'97320'
'DE931';'29339'
'DE268';'97332'
'DE935';'21394'
'DE27C';'87727'
'DE931';'29355'
'DE27C';'87770'
'DE912';'38229'
'DE27E';'87490'
'DE278';'89331'
'DE914';'38542'
'DE27C';'87778'
'DE237';'92690'
'DE24D';'95195'
'DE226';'93345'
'DEE02';'06110'
'DE23A';'95704'
'DEE05';'06385'
'DE234';'92253'
'DE226';'84085'
'DE21A';'84424'
'DEE08';'06679'
'DEE08';'06721'
'DE300';'13129'
'DE600';'20246'
'DE128';'74939'
'DE137';'78576'
'DE21B';'85356'
'DEA46';'32457'
'DE143';'72469'
'DEF05';'25709'
'DE149';'72477'
'DE736';'34537'
'DE115';'71282'
'DE142';'72108'
'DE932';'21781'
'DEA45';'32699'
'DE932';'21756'
'DE501';'28219'
'DE71E';'61200'
'DE276';'86863'
'DE25A';'91448'
'DEF03';'23554'
'DE914';'29378'
'DE80J';'17087'
'DE300';'10585'
'DE300';'10783'
'DE300';'10969'
'DE80N';'17493'
'DE279';'89293'
'DE266';'97654'
'DE91A';'31246'
'DEF02';'24146'
'DE26B';'97456'
'DE26B';'97532'
'DE278';'89312'
'DE931';'29364'
'DE27C';'87784'
'DEF0D';'23813'
'DE278';'86489'
'DED52';'04651'
'DED52';'04828'
'DED52';'04687'
'DE26C';'97256'
'DE256';'91743'
'DE27B';'87659'
'DE91B';'38170'
'DE245';'96170'
'DEF08';'23744'
'DEG0Q';'98559'
'DEF03';'23569'
'DE935';'21371'
'DE257';'91086'
'DEG0T';'98693'
'DE241';'96049'
'DE26B';'97529'
'DEG0R';'36448'
'DE80M';'23923'
'DE80K';'18190'
'DED53';'04519'
'DE235';'93199'
'DE21G';'84559'
'DE80J';'17194'
'DE928';'31717'
'DEA44';'37696'
'DE111';'70174'
'DE111';'70599'
'DE127';'74842'
'DE111';'70376'
'DE115';'74385'
'DE735';'34560'
'DE264';'63877'
'DE116';'70734'
'DE149';'88512'
'DE735';'34590'
'DE725';'36341'
'DE264';'63874'
'DE147';'88709'
'DE147';'88090'
'DE141';'72532'
'DE917';'38154'
'DE917';'38382'
'DE27D';'86694'
'DE21E';'86931'
'DE21N';'82409'
'DE24C';'96231'
'DE21M';'83352'
'DE235';'93426'
'DE118';'74182'
'DE113';'73776'
'DE731';'34132'
'DE141';'72525'
'DE216';'82057'
'DE219';'85095'
'DE21H';'82064'
'DEG0K';'07368'
'DEG03';'07745'
'DE234';'92275'
'DE242';'95447'
'DE246';'95463'
'DE236';'92363'
'DE212';'81667'
'DE249';'95138'
'DE226';'93354'
'DE244';'95030'
'DEE02';'06126'
'DEB3H';'76889'
'DE139';'79686'
'DEB1B';'56457'
'DE94A';'26345'
'DE134';'77781'
'DEA5B';'59494'
'DEB3B';'55286'
'DE124';'76547'
'DEB3J';'55262'
'DE148';'88339'
'DE938';'29614'
'DEF0B';'24794'
'DE600';'22559'
'DE918';'37181'
'DE929';'30161'
'DE732';'36167'
'DE21M';'83324'
'DE40H';'14959'
'DED42';'09579'
'DE80L';'18565'
'DE300';'14052'
'DE300';'13405'
'DE300';'13403'
'DE267';'97514'
'DE91B';'38324'
'DE917';'38379'
'DE258';'90547'
'DE275';'86438'
'DE262';'97422'
'DED21';'01129'
'DED21';'01108'
'DED2F';'01847'
'DEF0D';'24641'
'DE600';'22113'
'DE21L';'82237'
'DE26C';'97273'
'DE91C';'37136'
'DEB18';'53619'
'DE712';'60598'
'DE936';'28790'
'DED42';'09235'
'DED2C';'01936'
'DEE02';'06124'
'DE238';'93188'
'DE279';'89264'
'DEF0B';'24259'
'DE91C';'37130'
'DE144';'89077'
'DEF0B';'24239'
'DE925';'31135'
'DEF0D';'24598'
'DE933';'21217'
'DE918';'37589'
'DEF0B';'24244'
'DE27E';'87538'
'DE11D';'73430'
'DEF05';'25779'
'DEF07';'25862'
'DE118';'74211'
'DE926';'37647'
'DE116';'71397'
'DE735';'34587'
'DE148';'88271'
'DE917';'38375'
'DE917';'38387'
'DE914';'38470'
'DE276';'86343'
'DE271';'86169'
'DE934';'29496'
'DE253';'90768'
'DE275';'86504'
'DE252';'91056'
'DEG01';'99094'
'DE248';'91353'
'DE25C';'91798'
'DE275';'86574'
'DE252';'91052'
'DE21C';'82294'
'DE24C';'96275'
'DEA1E';'47906'
'DEA1E';'47918'
'DEA15';'41236'
'DEC02';'66693'
'DEA14';'47803'
'DEA14';'47799'
'DEA1D';'41464'
'DEA12';'47178'
'DEB25';'54340'
'DEB22';'54523'
'DEA11';'40219'
'DEA11';'40215'
'DEA11';'40229'
'DEA1C';'40882'
'DEE09';'38871'
'DE25A';'91468'
'DE276';'86866'
'DE277';'86647'
'DE25C';'91728'
'DE938';'29690'
'DE257';'91083'
'DE247';'96271'
'DEB23';'54617'
'DEA2D';'52223'
'DEA2D';'52249'
'DEA1B';'47608'
'DEB23';'54687'
'DEB3D';'67819'
'DE134';'77960'
'DEB3C';'67475'
'DEA57';'59759'
'DE94F';'49434'
'DE944';'49074'
'DEB3J';'55270'
'DE132';'79274'
'DE94D';'26203'
'DEA1B';'47533'
'DEA29';'41844'
'DEA26';'52441'
'DEB3F';'67688'
'DE133';'79365'
'DEB3K';'66994'
'DE712';'60488'
'DE712';'60438'
'DE941';'27749'
'DE712';'60433'
'DE939';'21739'
'DE11B';'97953'
'DE147';'88097'
'DE11B';'97956'
'DE114';'73119'
'DE926';'37642'
'DE148';'88326'
'DE114';'73117'
'DE734';'34298'
'DE925';'31036'
'DEA58';'58769'
'DE132';'79427'
'DE94E';'49584'
'DE132';'79241'
'DEA58';'58640'
'DEB14';'55444'
'DEA5C';'59423'
'DE133';'79336'
'DE94E';'49577'
'DEA54';'59073'
'DE723';'65551'
'DE121';'76534'
'DEB3C';'67269'
'DEB3C';'67283'
'DEB3I';'67127'
'DEB3I';'67258'
'DEB15';'55774'
'DE949';'49777'
'DEB15';'55626'
'DE80J';'17033'
'DE300';'13597'
'DE228';'94072'
'DE300';'14165'
'DEB24';'54587'
'DEB25';'54451'
'DEA1D';'41462'
'DE24D';'95158'
'DEE05';'06366'
'DEG0K';'07927'
'DEE0B';'06255'
'DEG0J';'07639'
'DEG0L';'07586'
'DE21K';'83052'
'DE300';'12459'
'DE40I';'17291'
'DED2C';'01458'
'DE40C';'15864'
'DE40I';'17326'
'DED2D';'02742'
'DE27D';'86704'
'DEG0U';'98746'
'DEG0D';'99610'
'DEB1A';'56355'
'DEB3D';'67813'
'DE13A';'79664'
'DEA37';'49504'
'DE134';'77652'
'DE13A';'79737'
'DE134';'77791'
'DE71D';'65307'
'DE133';'79215'
'DE133';'79297'
'DEB1B';'56479'
'DEB3H';'76833'
'DEB3H';'76835'
'DE24A';'96352'
'DEA1D';'41468'
'DEA11';'40489'
'DE406';'15752'
'DE40E';'14557'
'DE40F';'16921'
'DEC01';'57350'
'DEA23';'50733'
'DEA13';'45127'
'DEB22';'54470'
'DEB1C';'56828'
'DE94B';'48529'
'DEA22';'53119'
'DEA13';'45259'
'DEA37';'48565'
'DE947';'26532'
'DEB3K';'66500'
'DEB18';'56599'
'DEB17';'56648'
'DEC06';'66629'
'DE949';'26899'
'DE300';'12105'
'DE228';'94161'
'DE300';'13359'
'DE300';'12099'
'DEB3I';'67122'
'DE12C';'72293'
'DE12B';'75334'
'DE12C';'72294'
'DEA57';'59969'
'DE722';'35584'
'DE12B';'75210'
'DE12C';'72299'
'DE114';'73345'
'DEA2B';'51427'
'DEA22';'53129'
'DEB17';'56727'
'DEB12';'56651'
'DEA2B';'51503'
'DEC05';'66453'
'DEF08';'23715'
'DE256';'91604'
'DE911';'38118'
'DEA43';'32139'
'DE128';'68775'
'DE135';'78727'
'DE135';'78736'
'DE724';'35117'
'DE135';'72189'
'DEA47';'33106'
'DE12A';'72218'
'DE721';'35392'
'DE135';'78669'
'DE922';'27251'
'DE721';'35415'
'DE212';'81549'
'DEE08';'06628'
'DE21F';'83607'
'DE21H';'85774'
'DE22A';'84381'
'DE229';'94265'
'DE22A';'84384'
'DED42';'09456'
'DE228';'94149'
'DE228';'94099'
'DE407';'04936'
'DEA23';'50674'
'DEB25';'54422'
'DEA19';'42699'
'DEC01';'66121'
'DEB12';'56746'
'DEA2C';'53343'
'DEA2A';'51688'
'DEF02';'24116'
'DE600';'22115'
'DE600';'22143'
'DEF0F';'22145'
'DEA1A';'42117'
'DEB15';'55768'
'DEA1A';'42369'
'DEA36';'45657'
'DEA36';'45739'
'DEA1A';'42289'
'DEG05';'99425'
'DE217';'85232'
'DE219';'85125'
'DE24B';'95336'
'DE216';'82431'
'DE925';'31096'
'DEA41';'33519'
'DED44';'08269'
'DED45';'08439'
'DED52';'04655'
'DED52';'04579'
'DE219';'85098'
'DE212';'81477'
'DEE03';'39110'
'DEE07';'39179'
'DE944';'49080'
'DE94A';'26316'
'DE723';'65627'
'DE948';'49685'
'DE279';'89231'
'DE600';'22085'
'DE11A';'74599'
'DEG06';'37308'
'DE925';'31061'
'DE732';'36157'
'DEF09';'22869'
'DE229';'94255'
'DE235';'93462'
'DE26A';'97907'
'DE147';'88069'
'DE147';'88079'
'DE116';'73642'
'DE933';'21649'
'DE925';'31008'
'DE212';'81739'
'DE237';'92655'
'DE21F';'83707'
'DEE0B';'06249'
'DE238';'93176'
'DE234';'92284'
'DE218';'85604'
'DEE0D';'39596'
'DE234';'92263'
'DEE05';'39261'
'DEG02';'07549'
'DED44';'08525'
'DE237';'92706'
'DE227';'84186'
'DE239';'93149'
'DE21K';'83122'
'DE939';'21734'
'DE115';'71636'
'DE118';'74388'
'DEF0E';'25572'
'DE111';'70327'
'DE118';'74199'
'DE937';'27386'
'DE937';'27356'
'DE149';'88367'
'DE731';'34131'
'DE734';'34292'
'DE725';'36323'
'DE113';'72644'
'DE133';'79346'
'DE131';'79112'
'DEB3F';'67699'
'DEA54';'59067'
'DE21M';'83256'
'DE227';'84168'
'DE22C';'84130'
'DE235';'92444'
'DED53';'04838'
'DE80L';'18320'
'DE212';'80804'
'DE216';'83677'
'DE502';'27572'
'DE736';'34508'
'DE128';'68526'
'DE136';'78609'
'DE128';'69502'
'DE128';'69190'
'DE71C';'63329'
'DE941';'27751'
'DE12B';'75228'
'DE711';'64287'
'DE137';'78549'
'DE712';'60306'
'DEA45';'32105'
'DE932';'21765'
'DE715';'69518'
'DE128';'69434'
'DE123';'75057'
'DE501';'28209'
'DE112';'71134'
'DE12A';'75395'
'DE80J';'17207'
'DED52';'04827'
'DE239';'92549'
'DE235';'93497'
'DED53';'04860'
'DE22A';'84367'
'DED42';'09474'
'DE276';'86868'
'DEF08';'23684'
'DE27B';'87668'
'DE93A';'29590'
'DE276';'86494'
'DE27B';'87675'
'DE257';'91475'
'DE25C';'91729'
'DE25C';'91723'
'DE27B';'86875'
'DE257';'91085'
'DE245';'96164'
'DE276';'86679'
'DE271';'86152'
'DEE09';'06502'
'DEG0D';'99634'
'DE245';'96117'
'DE718';'61352'
'DE137';'78194'
'DE123';'76703'
'DE71E';'63688'
'DE735';'34628'
'DE115';'74376'
'DE719';'63589'
'DE111';'70176'
'DE932';'21755'
'DE141';'72762'
'DE113';'70629'
'DE269';'63849'
'DE117';'74076'
'DE734';'34308'
'DE147';'88699'
'DE141';'72766'
'DE111';'70374'
'DE115';'71686'
'DE939';'21737'
'DE93B';'27308'
'DE118';'74232'
'DE734';'34317'
'DE118';'71717'
'DE113';'72664'
'DE938';'27336'
'DE116';'71409'
'DE939';'21702'
'DE149';'88348'
'DE148';'88376'
'DE265';'97792'
'DE11A';'74426'
'DE600';'22769'
'DE925';'31141'
'DE26C';'97243'
'DEF02';'24109'
'DE27E';'87488'
'DEG0Q';'98596'
'DE27B';'87634'
'DEG0R';'99820'
'DE256';'91599'
'DE278';'89361'
'DE600';'21077'
'DE91C';'37077'
'DE600';'22453'
'DE26C';'97255'
'DEG0R';'36414'
'DEF0B';'24107'
'DE26C';'97253'
'DE600';'20249'
'DEB3K';'76891'
'DEB32';'67657'
'DEB1B';'56427'
'DEA52';'44229'
'DEB17';'56332'
'DEA2C';'51570'
'DEB14';'55621'
'DE279';'89294'
'DE91B';'38271'
'DEG06';'37359'
'DE265';'97711'
'DEG06';'99976'
'DEG0Q';'98597'
'DE278';'89335'
'DEF0F';'23869'
'DE26B';'97469'
'DEG0R';'36456'
'DE27D';'86742'
'DE914';'38179'
'DE245';'96157'
'DEG0Q';'98593'
'DEF06';'21502'
'DE27C';'87745'
'DE277';'89438'
'DE256';'91717'
'DE122';'76131'
'DE123';'76359'
'DE123';'76297'
'DE256';'91575'
'DE80M';'19217'
'DE217';'85254'
'DE217';'85259'
'DE217';'85253'
'DEG0D';'99628'
'DE24A';'96369'
'DEE0A';'06456'
'DEE0A';'06542'
'DE21N';'82377'
'DE219';'85113'
'DEB17';'56751'
'DEF0B';'24783'
'DE114';'73054'
'DE114';'73113'
'DEF0D';'22851'
'DEF0B';'24625'
'DE11D';'73489'
'DEG0R';'36460'
'DE136';'78078'
'DE135';'78667'
'DE126';'68229'
'DE12A';'75328'
'DE711';'64297'
'DE128';'69226'
'DE12A';'72202'
'DE712';'60389'
'DE501';'28239'
'DEF07';'25845'
'DE12B';'75438'
'DE137';'78583'
'DE927';'31606'
'DE137';'78601'
'DE721';'35447'
'DEA47';'33184'
'DE128';'74924'
'DE138';'78357'
'DE71B';'64747'
'DEF05';'25715'
'DEA42';'33775'
'DEA17';'46147'
'DEA11';'40472'
'DEA34';'48703'
'DEA23';'51107'
'DEA53';'58091'
'DEA52';'44145'
'DEB1D';'55471'
'DEB18';'56566'
'DEA52';'44269'
'DEB3F';'66851'
'DEA37';'48496'
'DE139';'79418'
'DE134';'77794'
'DEG07';'99765'
'DE21N';'86989'
'DEG0T';'99334'
'DE934';'29459'
'DE21E';'86947'
'DEG0T';'98701'
'DE257';'91334'
'DE21E';'82269'
'DE21E';'86911'
'DE934';'29482'
'DE21E';'86941'
'DEA1B';'47559'
'DED45';'08396'
'DE80J';'17192'
'DED52';'04808'
'DE40D';'16833'
'DE214';'84553'
'DE22C';'94522'
'DE235';'93486'
'DE22B';'94559'
'DED42';'08344'
'DE40D';'16827'
'DE235';'93479'
'DE22A';'84387'
'DE733';'36277'
'DE146';'88471'
'DE91C';'37120'
'DEA46';'32361'
'DEA47';'33154'
'DEF0C';'24399'
'DE80N';'17449'
'DE22A';'94137'
'DED42';'09514'
'DE80L';'18574'
'DE80L';'18569'
'DED43';'09618'
'DE225';'94169'
'DE80J';'17036'
'DE300';'10713'
'DE300';'10625'
'DE600';'22177'
'DE600';'22111'
'DEF02';'24145'
'DE265';'97720'
'DE600';'22045'
'DE91A';'31226'
'DEG0R';'36469'
'DE11A';'74579'
'DE127';'74731'
'DE264';'63857'
'DE91B';'38162'
'DE91B';'38319'
'DE917';'38165'
'DE93A';'29389'
'DE256';'91737'
'DE256';'91586'
'DE27D';'86685'
'DE267';'96188'
'DE714';'65201'
'DE722';'35767'
'DE94F';'49439'
'DE13A';'79865'
'DEB3C';'67167'
'DE111';'70563'
'DE117';'74080'
'DE923';'31855'
'DE118';'74254'
'DEF07';'25872'
'DEF07';'25887'
'DE937';'27383'
'DE27C';'86825'
'DEG0E';'98663'
'DE267';'96106'
'DE91B';'38173'
'DE27D';'86744'
'DEF06';'23883'
'DE25C';'91719'
'DEF08';'23626'
'DE21L';'82335'
'DE21C';'82194'
'DE91C';'37139'
'DE11A';'74427'
'DEF0C';'24401'
'DE148';'88239'
'DE145';'89605'
'DE145';'89604'
'DE733';'36219'
'DE600';'21147'
'DE914';'38471'
'DE257';'91091'
'DE257';'91341'
'DE258';'90522'
'DE25B';'91187'
'DED42';'08315'
'DED41';'09224'
'DE21M';'83413'
'DE235';'93476'
'DE224';'94447'
'DED42';'09484'
'DE224';'94486'
'DE224';'94551'
'DE276';'86485'
'DEG0C';'99100'
'DE21E';'86925'
'DE267';'96190'
'DE276';'86507'
'DE271';'86179'
'DE248';'91336'
'DEE09';'06493'
'DE254';'90441'
'DEF0C';'24867'
'DE113';'73262'
'DE732';'36364'
'DE735';'34327'
'DEF0B';'24819'
'DE114';'73101'
'DE933';'21646'
'DE114';'73087'
'DE735';'34286'
'DE114';'73344'
'DE26A';'97854'
'DEF09';'25336'
'DE11B';'97959'
'DE236';'92348'
'DE246';'95496'
'DE21J';'85077'
'DE249';'95233'
'DE21H';'85579'
'DE21B';'85414'
'DE234';'92237'
'DE21F';'83703'
'DEE0B';'06198'
'DE246';'95686'
'DE226';'84091'
'DE21F';'83737'
'DE21B';'85368'
'DE234';'92286'
'DED44';'07919'
'DE934';'29479'
'DEB14';'67827'
'DE94H';'26474'
'DE26C';'97204'
'DE26C';'97262'
'DE26B';'97502'
'DE11D';'73432'
'DE256';'91625'
'DE600';'22147'
'DEF0F';'22885'
'DEF02';'24148'
'DE27C';'87730'
'DE600';'21039'
'DE27E';'87463'
'DEF0D';'23867'
'DEF0D';'23795'
'DE300';'12247'
'DED43';'09600'
'DE225';'94481'
'DEG01';'99099'
'DE275';'86495'
'DE254';'90461'
'DE254';'90489'
'DE21D';'82418'
'DE21C';'82110'
'DE934';'29491'
'DE259';'91242'
'DEE0D';'39590'
'DE238';'93161'
'DEE0B';'06258'
'DE21K';'83075'
'DE21A';'85659'
'DE227';'84098'
'DE21G';'83558'
'DE40D';'16866'
'DE21G';'83527'
'DE408';'14715'
'DE21K';'83131'
'DE238';'93197'
'DEE01';'06842'
'DEF0D';'24626'
'DEF0F';'22889'
'DEF0B';'24229'
'DEG0Q';'36452'
'DE21A';'85435'
'DE234';'92266'
'DE275';'86570'
'DE21I';'86529'
'DE21D';'82481'
'DE21L';'82343'
'DE211';'85051'
'DEF0F';'22926'
'DE26B';'97506'
'DE91B';'38272'
'DE268';'97348'
'DEF0D';'23829'
'DE266';'97640'
'DE933';'21423'
'DE273';'87439'
'DE277';'89447'
'DE935';'21391'
'DEF0F';'22961'
'DEF06';'23847'
'DE27C';'87739'
'DEG09';'99974'
'DE256';'91567'
'DE116';'73655'
'DE114';'73099'
'DE926';'37633'
'DE938';'29699'
'DEF0C';'24891'
'DE933';'21255'
'DEF0B';'24808'
'DEE02';'06128'
'DE249';'95182'
'DE227';'84056'
'DEE08';'06712'
'DE21C';'82178'
'DE259';'91244'
'DE21J';'85298'
'DE236';'92369'
'DE24A';'96349'
'DE212';'81243'
'DE217';'85757'
'DEE0A';'06308'
'DED2D';'02794'
'DED2D';'02785'
'DEB13';'57632'
'DEA52';'44265'
'DEB3K';'67715'
'DEB13';'57587'
'DEB3K';'76848'
'DEA58';'58706'
'DE715';'68642'
'DE136';'78086'
'DE922';'49453'
'DE126';'68161'
'DE718';'61273'
'DE12A';'75389'
'DE12C';'72160'
'DE712';'65934'
'DEA41';'33719'
'DE712';'60489'
'DE724';'35094'
'DE932';'27619'
'DE712';'60437'
'DE128';'69198'
'DE129';'75173'
'DE128';'69168'
'DE936';'27721'
'DE123';'75056'
'DE137';'78592'
'DE112';'71120'
'DE736';'35114'
'DE71B';'64760'
'DE138';'78256'
'DEA46';'32423'
'DE719';'63450'
'DE128';'74921'
'DE112';'71034'
'DE112';'71093'
'DE228';'94081'
'DE300';'13509'
'DE225';'94513'
'DE300';'12207'
'DE300';'10823'
'DE300';'10178'
'DE406';'12529'
'DE24B';'95326'
'DE217';'85221'
'DE24B';'95512'
'DE236';'92367'
'DE219';'93336'
'DEG03';'07743'
'DE242';'95448'
'DE212';'80469'
'DE212';'80807'
'DE212';'81669'
'DEE0C';'39221'
'DE80O';'19374'
'DE226';'84048'
'DE80K';'18225'
'DE234';'92249'
'DEE0C';'39114'
'DEG0J';'07646'
'DEE09';'06333'
'DED2F';'01833'
'DE40I';'16306'
'DED2C';'01906'
'DED2C';'02627'
'DE403';'15236'
'DE40G';'03149'
'DED2D';'02727'
'DE228';'94121'
'DE225';'94545'
'DE407';'03238'
'DED2E';'01468'
'DE80N';'17389'
'DE40B';'01945'
'DEB15';'55608'
'DE949';'49844'
'DEF09';'25488'
'DEF09';'25337'
'DEF0B';'24354'
'DE145';'89188'
'DE265';'97797'
'DE146';'88433'
'DEF0B';'24367'
'DE91C';'37124'
'DE26C';'97297'
'DEF0D';'24616'
'DEF0C';'24395'
'DE11A';'74423'
'DE600';'22549'
'DE27B';'86862'
'DE91B';'38325'
'DEG0T';'99330'
'DE25A';'91443'
'DEF06';'22959'
'DE27B';'87653'
'DE717';'64584'
'DE408';'14728'
'DEB14';'55629'
'DEB18';'56584'
'DED45';'08062'
'DE21M';'83278'
'DE22B';'94347'
'DE22B';'94357'
'DE21M';'83379'
'DED42';'09366'
'DE80J';'17154'
'DE235';'93477'
'DED53';'04862'
'DE214';'84533'
'DE229';'94244'
'DE40E';'14554'
'DE300';'14109'
'DE229';'94227'
'DE300';'14053'
'DE225';'94548'
'DE40H';'14979'
'DE300';'12209'
'DE300';'13351'
'DE148';'88281'
'DEF0C';'24864'
'DEF0C';'24888'
'DEF0B';'24802'
'DE931';'29308'
'DE265';'97789'
'DE732';'36160'
'DE265';'97795'
'DEF09';'25485'
'DEF09';'25469'
'DEF0B';'24364'
'DEF0D';'24568'
'DE263';'97080'
'DE734';'34379'
'DE734';'34388'
'DEF05';'25786'
'DE719';'63637'
'DE127';'74746'
'DE732';'36093'
'DEF0B';'24613'
'DE114';'73079'
'DE933';'21629'
'DE26A';'97267'
'DE11A';'74429'
'DEF09';'25499'
'DE256';'91725'
'DE27C';'86871'
'DE914';'38550'
'DEF03';'23556'
'DE27D';'86733'
'DE923';'31785'
'DE118';'74239'
'DE141';'72534'
'DEF0B';'24799'
'DEE0C';'39448'
'DE21J';'85084'
'DE80O';'19260'
'DE21E';'86943'
'DE275';'86316'
'DEE04';'38486'
'DE21D';'82435'
'DE21C';'82272'
'DE252';'91054'
'DE734';'34277'
'DE146';'88527'
'DEE03';'39126'
'DE21H';'85662'
'DE21H';'85540'
'DEE0C';'39249'
'DE80K';'18209'
'DE23A';'95682'
'DE234';'92287'
'DEG09';'99996'
'DE91C';'37441'
'DE914';'38527'
'DEG0Q';'98554'
'DE256';'91623'
'DE91B';'38329'
'DE27B';'87665'
'DEE09';'38877'
'DE256';'91639'
'DE94F';'49413'
'DEB36';'67433'
'DEB3H';'76865'
'DEB3E';'76768'
'DEB3E';'76770'
'DE94D';'26209'
'DEB3C';'67256'
'DEA5A';'57334'
'DEB3E';'76761'
'DE722';'35713'
'DE724';'35216'
'DEA43';'32257'
'DE126';'68239'
'DEA41';'33689'
'DE722';'35633'
'DE135';'78652'
'DE715';'64625'
'DEA43';'32120'
'DE137';'78647'
'DE123';'75053'
'DE71E';'61169'
'DE712';'60323'
'DE123';'76684'
'DE71E';'61231'
'DE137';'78559'
'DE721';'35463'
'DE936';'27726'
'DE12B';'75447'
'DEB3I';'67245'
'DEG0R';'99826'
'DE91C';'37412'
'DE26B';'97453'
'DE266';'97633'
'DE256';'91602'
'DEF0F';'22952'
'DE935';'21335'
'DE93A';'29581'
'DE26B';'97497'
'DE27C';'87757'
'DE935';'21365'
'DEF0F';'23619'
'DE916';'38642'
'DEG0Q';'98530'
'DE278';'89368'
'DEG0A';'99713'
'DE914';'29392'
'DE911';'38124'
'DE80M';'23999'
'DE259';'91241'
'DE212';'80999'
'DE246';'95503'
'DE80O';'19065'
'DE212';'81373'
'DE212';'81369'
'DEG0J';'07778'
'DE80N';'17322'
'DE409';'15306'
'DE40C';'15295'
'DED2D';'02791'
'DEA15';'41169'
'DEB25';'54439'
'DEA1E';'47877'
'DEA34';'46399'
'DEB25';'54308'
'DEA14';'47805'
'DEB24';'54578'
'DEA11';'40545'
'DEA28';'53879'
'DEB25';'54427'
'DEA23';'50769'
'DEC04';'66839'
'DEB3J';'55299'
'DE71A';'65239'
'DEA5B';'59558'
'DEB34';'67069'
'DE12A';'76332'
'DEF0B';'24805'
'DE733';'36287'
'DE116';'71560'
'DE113';'73669'
'DE269';'63820'
'DE927';'31632'
'DE118';'74223'
'DE149';'72516'
'DE118';'74219'
'DE116';'71336'
'DEF0C';'24869'
'DE118';'74248'
'DE264';'63831'
'DE149';'88636'
'DE80L';'18519'
'DED2E';'01591'
'DE80J';'17039'
'DE139';'79692'
'DEA58';'58802'
'DE133';'79279'
'DE114';'73114'
'DE929';'30880'
'DE737';'37284'
'DE145';'89134'
'DE145';'73340'
'DE21M';'83246'
'DE21M';'83361'
'DE40D';'16868'
'DE21M';'83242'
'DE239';'92539'
'DE21M';'83301'
'DE22C';'94437'
'DE214';'84568'
'DEE0E';'06889'
'DED42';'08321'
'DE40E';'14822'
'DE21M';'83329'
'DE22B';'94342'
'DE22A';'84375'
'DE22A';'84347'
'DED41';'09125'
'DEB11';'56076'
'DEB37';'66953'
'DE139';'79589'
'DE948';'49699'
'DEB1A';'56338'
'DEB17';'56753'
'DE148';'88373'
'DE926';'37639'
'DE116';'73635'
'DE731';'34125'
'DE929';'30823'
'DE146';'88422'
'DE119';'74632'
'DE119';'74676'
'DE27A';'88142'
'DEB3F';'67734'
'DEA33';'48155'
'DE948';'49624'
'DE94H';'26409'
'DE132';'79291'
'DEB1B';'56206'
'DE132';'79282'
'DE113';'73207'
'DEF0E';'25376'
'DEF0E';'25588'
'DEF06';'21516'
'DE278';'86479'
'DE245';'96154'
'DE27D';'86738'
'DE267';'97522'
'DEF06';'23919'
'DE935';'21401'
'DE27D';'86655'
'DEF03';'23566'
'DE935';'19273'
'DE21N';'86980'
'DE276';'86517'
'DE21N';'86977'
'DE247';'96484'
'DED2F';'01731'
'DE409';'15370'
'DE25C';'91793'
'DE21N';'86971'
'DE21E';'86946'
'DE501';'28357'
'DEA45';'32657'
'DE71C';'63165'
'DE719';'61130'
'DE725';'35315'
'DEF05';'25797'
'DE93B';'28876'
'DE932';'21789'
'DEF05';'25795'
'DE927';'27318'
'DEA44';'33034'
'DE269';'63931'
'DE927';'31629'
'DE279';'89284'
'DE27C';'87769'
'DE914';'29393'
'DEF06';'21483'
'DE256';'91572'
'DE266';'97528'
'DEG0E';'98553'
'DE27B';'87656'
'DE257';'96193'
'DE111';'70469'
'DE111';'70439'
'DEF07';'25855'
'DE269';'63839'
'DEB25';'54457'
'DEA34';'46395'
'DEB25';'54329'
'DEA1F';'46483'
'DEA27';'50129'
'DEC04';'66802'
'DEB24';'54579'
'DEB25';'54344'
'DEA11';'40221'
'DEA12';'47269'
'DEA11';'40213'
'DEA11';'40227'
'DEB22';'54347'
'DEF06';'23911'
'DE257';'91315'
'DEE09';'38899'
'DE21E';'86857'
'DE245';'96179'
'DE271';'86157'
'DE21E';'86937'
'DEG01';'99092'
'DE271';'86154'
'DE24C';'96250'
'DE241';'96050'
'DE735';'34633'
'DE80N';'17390'
'DE40C';'15566'
'DE228';'94110'
'DEF03';'23562'
'DE27D';'86709'
'DEF08';'23683'
'DE245';'96120'
'DE245';'96135'
'DE245';'96103'
'DE258';'90587'
'DE247';'96274'
'DE735';'34613'
'DE719';'63571'
'DE269';'63925'
'DE93B';'27283'
'DE264';'63808'
'DE719';'63607'
'DE269';'63934'
'DE141';'72555'
'DE113';'73728'
'DE719';'63619'
'DE116';'71737'
'DEG0A';'06556'
'DE21I';'86565'
'DE21L';'82319'
'DE259';'91233'
'DEE0A';'06313'
'DE21H';'82067'
'DE212';'80638'
'DEE0A';'06347'
'DEE03';'39116'
'DE21B';'85402'
'DE212';'80799'
'DE212';'80801'
'DEE0C';'06420'
'DE226';'84089'
'DE934';'29499'
'DEB1A';'65624'
'DEB3H';'76831'
'DE723';'65589'
'DE134';'77704'
'DEB1A';'65629'
'DE13A';'79837'
'DE723';'65554'
'DE723';'65550'
'DEB3H';'76872'
'DE94E';'49179'
'DE71D';'65396'
'DE134';'77740'
'DE943';'26123'
'DE124';'76456'
'DE722';'35685'
'DE722';'35683'
'DE94E';'49324'
'DEE08';'06722'
'DEE02';'06114'
'DE94G';'26931'
'DE135';'77773'
'DE718';'61276'
'DE136';'78089'
'DE124';'76597'
'DEB34';'67065'
'DE732';'36154'
'DE269';'97906'
'DEF0C';'24991'
'DE26A';'97846'
'DE238';'93073'
'DE227';'84144'
'DED44';'08499'
'DE21A';'85656'
'DE501';'28335'
'DEF07';'25875'
'DE71D';'65219'
'DE71D';'65223'
'DE71D';'65224'
'DEE0C';'39434'
'DE118';'71718'
'DE21H';'85655'
'DE277';'89432'
'DE27E';'87491'
'DE21H';'85551'
'DE80O';'19370'
'DEG0K';'07819'
'DE249';'95176'
'DE300';'12437'
'DE407';'03249'
'DE228';'94051'
'DE225';'94146'
'DE300';'12587'
'DE225';'94118'
'DE300';'12589'
'DE40B';'01990'
'DED21';'01067'
'DED2C';'01877'
'DED2F';'01844'
'DE402';'03042'
'DEB3F';'66849'
'DE71A';'65795'
'DE126';'68165'
'DE734';'34399'
'DEF09';'25489'
'DE91C';'34346'
'DE11B';'97941'
'DE926';'37635'
'DED2E';'01689'
'DE405';'16356'
'DE406';'15745'
'DE405';'16225'
'DED21';'01187'
'DE225';'94145'
'DED21';'01189'
'DE80N';'17440'
'DE40C';'15528'
'DE80N';'17438'
'DED2F';'01825'
'DED2F';'01819'
'DE147';'88085'
'DEF0E';'25551'
'DE719';'36391'
'DE26A';'97837'
'DE265';'97799'
'DE26C';'97264'
'DEA2A';'51709'
'DEA52';'44141'
'DEB3K';'66509'
'DEB1D';'56291'
'DEB3G';'67744'
'DE248';'91352'
'DE25C';'91788'
'DE21D';'82475'
'DEF08';'23749'
'DE275';'86568'
'DEF08';'23746'
'DE80O';'19230'
'DE118';'74249'
'DE147';'88094'
'DE113';'73252'
'DE929';'30974'
'DE943';'26131'
'DE136';'78141'
'DE124';'76474'
'DEB3E';'67378'
'DE124';'76476'
'DE722';'35638'
'DEB3I';'67459'
'DE218';'85643'
'DE40F';'16945'
'DEG0L';'07958'
'DE239';'92507'
'DE237';'92705'
'DE239';'92540'
'DE22B';'84082'
'DED51';'04207'
'DE80K';'18279'
'DE227';'84178'
'DE21G';'84564'
'DE239';'92552'
'DE237';'92714'
'DE300';'10589'
'DE300';'10587'
'DE300';'12163'
'DE300';'10551'
'DE228';'94127'
'DE300';'10965'
'DE300';'13357'
'DE225';'94157'
'DE405';'16244'
'DE21F';'83739'
'DE228';'94155'
'DEG0T';'98714'
'DEF07';'06280'
'DED42';'08355'
'DEA2D';'04731'
'DEC04';'57320'
'DEF09';'25437'
'DEE0A';'06318'
'DE300';'12053'
'DEB22';'54536'
'DEA32';'45892'
'DEA32';'45879'
'DEA22';'53175'
'DEB1C';'56814'
'DEA22';'53113'
'DEA37';'48607'
'DEB15';'55765'
'DEA22';'53173'
'DEA1A';'42107'
'DEA55';'44628'
'DEB12';'56659'
'DEA26';'52457'
'DEA1F';'47495'
'DE111';'70597'
'DE138';'78462'
'DE939';'21732'
'DE116';'70736'
'DE928';'31552'
'DE932';'21772'
'DE264';'63796'
'DEF07';'25858'
'DE115';'71701'
'DE111';'70197'
'DE138';'78465'
'DE112';'71111'
'DE269';'63843'
'DE725';'36325'
'DE141';'72820'
'DE929';'30177'
'DEF0B';'24360'
'DE26C';'97261'
'DE600';'22525'
'DE11D';'73486'
'DE26C';'97222'
'DE26C';'97285'
'DE145';'89185'
'DEG0R';'99837'
'DE263';'97076'
'DE145';'89183'
'DE26C';'97230'
'DE279';'89269'
'DE265';'97729'
'DE722';'35764'
'DEA42';'33803'
'DE94F';'49424'
'DEB3F';'67680'
'DE134';'77978'
'DEB3D';'67292'
'DEB3H';'67480'
'DE946';'26215'
'DEA2D';'52134'
'DEA1E';'41372'
'DEA26';'52379'
'DEB23';'54614'
'DEA28';'53949'
'DE21E';'86932'
'DE234';'92277'
'DE236';'92366'
'DE218';'85586'
'DE218';'85560'
'DEA35';'59348'
'DEA37';'48366'
'DEB3G';'66901'
'DEA37';'48485'
'DEB17';'56299'
'DEA56';'58454'
'DEA13';'45279'
'DE94B';'49835'
'DEA32';'45886'
'DEB1C';'56856'
'DEA18';'42853'
'DEA1A';'42283'
'DEA2C';'53604'
'DEB3G';'66885'
'DEA35';'48308'
'DEA52';'44135'
'DE139';'79588'
'DEA42';'33334'
'DE71A';'65817'
'DE124';'76599'
'DE123';'76275'
'DEF07';'25992'
'DE71A';'65779'
'DE246';'95488'
'DE80O';'19300'
'DE212';'81241'
'DE300';'10243'
'DE80O';'19303'
'DE21C';'82288'
'DE248';'91320'
'DE21D';'82447'
'DE21N';'82390'
'DEE0C';'06466'
'DE24B';'96197'
'DE246';'91344'
'DE259';'91220'
'DED52';'04657'
'DED52';'04460'
'DEE05';'06804'
'DEE0B';'06254'
'DEE07';'39398'
'DE40I';'03202'
'DE80M';'23952'
'DED42';'08325'
'DED42';'08326'
'DE925';'31029'
'DE925';'31032'
'DE925';'31033'
'DE925';'31039'
'DE91C';'37447'
'DE91C';'37449'
'DEC04';'66780'
'DEB25';'54314'
'DEG0K';'07806'
'DE226';'93333'
'DE21B';'85406'
'DE21A';'85445'
'DE21B';'85417'
'DE249';'95191'
'DE80K';'18239'
'DEE05';'06388'
'DEE05';'06369'
'DEB24';'54574'
'DEB23';'54529'
'DEA1F';'46569'
'DEA27';'50354'
'DEA1C';'40885'
'DE600';'22761'
'DE23A';'95508'
'DEB14';'55569'
'DE257';'90562'
'DE222';'94036'
'DED43';'09634'
'DED2E';'01665'
'DE300';'10961'
'DE300';'13187'
'DE300';'10249'
'DE225';'94160'
'DE259';'91238'
'DE219';'92339'
'DEE0A';'06528'
'DE21H';'82061'
'DE21H';'82049'
'DE212';'81379'
'DEG0K';'07366'
'DE24B';'95356'
'DE219';'93349'
'DE24B';'95502'
'DEE08';'06636'
'DE24B';'95509'
'DE80O';'19372'
'DE21F';'83666'
'DE21H';'85649'
'DE21F';'83627'
'DE40F';'19348'
'DE237';'95519'
'DE80K';'18236'
'DEE0B';'06193'
'DEE07';'39326'
'DE249';'95131'
'DE80O';'19089'
'DE242';'95444'
'DE212';'81547'
'DEA2C';'53332'
'DEA13';'45356'
'DEB17';'56729'
'DEA24';'51379'
'DEA2B';'42799'
'DEC01';'66287'
'DEA13';'45130'
'DEA13';'45128'
'DEA23';'51069'
'DE946';'26180'
'DEE02';'06120'
'DE226';'93342'
'DEG0Q';'98587'
'DEF0F';'23860'
'DE911';'38102'
'DE914';'38524'
'DEF03';'23560'
'DE916';'38700'
'DE933';'21228'
'DEF04';'24534'
'DEG0R';'36404'
'DEF0B';'24247'
'DE144';'89073'
'DE26C';'97228'
'DEG0D';'99638'
'DE145';'89192'
'DE27C';'87767'
'DE11C';'89537'
'DE27C';'86498'
'DE26B';'97525'
'DE27E';'87549'
'DEF0D';'23824'
'DE737';'37287'
'DE146';'88484'
'DE11D';'73572'
'DE600';'22455'
'DE11D';'73563'
'DE145';'89179'
'DE600';'20259'
'DE26C';'97286'
'DE933';'21439'
'DE600';'20099'
'DE26C';'97237'
'DE929';'30655'
'DE737';'37247'
'DE26C';'97291'
'DE265';'97723'
'DEF0B';'24646'
'DE737';'37214'
'DE929';'31275'
'DEC01';'66130'
'DEA56';'45527'
'DEB18';'53572'
'DEB1C';'56859'
'DEB3F';'66877'
'DEB3K';'66987'
'DEB11';'56070'
'DEB3F';'67685'
'DE212';'80636'
'DEG0K';'07381'
'DEG0K';'07356'
'DE21B';'85375'
'DE246';'95466'
'DEE0C';'06408'
'DE234';'92256'
'DE234';'92260'
'DE234';'92245'
'DE238';'93180'
'DE21A';'85457'
'DE254';'90419'
'DEE04';'39649'
'DEG0U';'98744'
'DE248';'91361'
'DE21C';'82287'
'DE21D';'82493'
'DE24A';'96317'
'DE246';'95515'
'DE219';'85080'
'DE94G';'26935'
'DE136';'78048'
'DEB3I';'67141'
'DEB34';'67059'
'DE722';'35647'
'DE12A';'75323'
'DEB1D';'55494'
'DE132';'79395'
'DEB3G';'67748'
'DE735';'34212'
'DE26A';'97778'
'DEF0C';'24837'
'DE26A';'97839'
'DE116';'71540'
'DE733';'36251'
'DE253';'90766'
'DEF08';'23777'
'DE80O';'19243'
'DE275';'86453'
'DE248';'91301'
'DE80M';'23948'
'DEA2D';'52078'
'DEA1B';'47638'
'DEA26';'52393'
'DE218';'85667'
'DE234';'92242'
'DE254';'90425'
'DE254';'90459'
'DE275';'86559'
'DE21C';'82256'
'DEA26';'52385'
'DEB25';'54453'
'DEA1F';'47445'
'DEA1D';'40670'
'DEB22';'54526'
'DEA12';'47059'
'DEC04';'66787'
'DEC04';'66773'
'DEA1D';'41541'
'DEB22';'54516'
'DEC01';'66292'
'DEA2B';'51467'
'DEB15';'55758'
'DEA22';'53225'
'DEA1C';'42555'
'DE259';'90552'
'DE925';'31177'
'DE918';'37581'
'DEF0C';'24996'
'DE11D';'73529'
'DE148';'88285'
'DE114';'73084'
'DE929';'30559'
'DE145';'89189'
'DE600';'20097'
'DE145';'88481'
'DE11A';'74589'
'DE266';'97618'
'DE27E';'87480'
'DE600';'21035'
'DE27C';'87758'
'DE91A';'31234'
'DE268';'97342'
'DE278';'89340'
'DE26B';'97493'
'DE931';'29358'
'DE27E';'87487'
'DEF0F';'22949'
'DE27E';'87541'
'DEF0D';'23823'
'DE277';'89415'
'DE256';'91617'
'DE27E';'87499'
'DE267';'97491'
'DEG0E';'98630'
'DE914';'29386'
'DE27B';'87654'
'DE25A';'91460'
'DEG09';'99991'
'DEA29';'52525'
'DEA2D';'52076'
'DEA2D';'52064'
'DEA1B';'46459'
'DE501';'28777'
'DE94G';'27809'
'DE125';'69115'
'DE501';'28237'
'DE138';'78247'
'DEF07';'25869'
'DE715';'64678'
'DE922';'27257'
'DE80N';'17329'
'DE402';'03048'
'DED2D';'02829'
'DE127';'74862'
'DE143';'72475'
'DE928';'31710'
'DE127';'74864'
'DE118';'74831'
'DE111';'70193'
'DE734';'34479'
'DE928';'31718'
'DE725';'36329'
'DE928';'31556'
'DE141';'72768'
'DE149';'72519'
'DE149';'72505'
'DE149';'72517'
'DE113';'73765'
'DEF05';'25794'
'DE11B';'97896'
'DE928';'31559'
'DE269';'63930'
'DE116';'71364'
'DE116';'71522'
'DE939';'21684'
'DE148';'88377'
'DE25A';'91481'
'DEA11';'40235'
'DE929';'30916'
'DE600';'22609'
'DEF0B';'24366'
'DE115';'70825'
'DEF0C';'24994'
'DE138';'78467'
'DEA13';'45326'
'DEA13';'45257'
'DEB17';'56575'
'DEA37';'48429'
'DEA37';'48282'
'DE949';'26904'
'DEB1D';'56154'
'DEB11';'56072'
'DEA52';'44329'
'DEA58';'58566'
'DE736';'35066'
'DE12C';'72184'
'DE12B';'75249'
'DEF07';'25882'
'DE138';'78259'
'DE715';'69483'
'DE137';'78585'
'DE128';'74933'
'DE725';'35325'
'DE138';'78343'
'DE118';'74389'
'DEF05';'25693'
'DE149';'88605'
'DEA1D';'41539'
'DEB22';'54426'
'DEA13';'45145'
'DEC01';'66133'
'DE211';'85057'
'DEG0G';'99510'
'DE21J';'85304'
'DE216';'83646'
'DE216';'83623'
'DE212';'80992'
'DEG03';'07751'
'DE24B';'95339'
'DE21J';'85126'
'DEB23';'54636'
'DEA1E';'41747'
'DEA26';'52372'
'DEB25';'54455'
'DEA27';'50126'
'DEB24';'54576'
'DEB25';'54338'
'DEB25';'54429'
'DEC01';'66352'
'DEA11';'40591'
'DEA11';'40629'
'DE947';'26571'
'DEC06';'66620'
'DEA13';'45219'
'DEA23';'50737'
'DEB22';'54484'
'DEA2C';'53340'
'DEA23';'50996'
'DE942';'26723'
'DE27B';'87662'
'DE27D';'86687'
'DEG0T';'98716'
'DE917';'38384'
'DE25C';'91738'
'DEG0E';'98694'
'DE21E';'86938'
'DE21D';'82496'
'DE25B';'90596'
'DE21I';'86669'
'DE248';'91358'
'DE934';'29488'
'DE259';'91207'
'DEG0G';'99439'
'DE934';'29484'
'DE21N';'82404'
'DEG05';'99423'
'DE724';'35239'
'DE722';'35579'
'DE12C';'72280'
'DE722';'35576'
'DE724';'35232'
'DEA41';'33617'
'DE12C';'72178'
'DE722';'35581'
'DE501';'28779'
'DEF07';'25826'
'DE736';'35108'
'DE71C';'63263'
'DE27B';'87663'
'DE27B';'87651'
'DEA11';'40627'
'DEB25';'54349'
'DEA23';'50825'
'DEA36';'46286'
'DEA36';'45966'
'DEA23';'50735'
'DEA13';'45149'
'DEA24';'51377'
'DEA32';'45899'
'DEC01';'66280'
'DEA52';'44225'
'DEA33';'48161'
'DEA58';'58579'
'DEB17';'56220'
'DE94E';'49610'
'DEA5A';'57078'
'DEB3J';'55437'
'DE944';'49078'
'DE264';'63864'
'DE269';'63906'
'DE939';'21726'
'DE939';'27449'
'DE113';'73730'
'DE725';'36399'
'DE264';'63879'
'DE264';'63860'
'DE116';'71576'
'DE926';'37649'
'DE719';'36396'
'DE149';'88518'
'DEF0C';'24872'
'DEA29';'52538'
'DEA1B';'47623'
'DEA1B';'47625'
'DEA28';'53940'
'DEA26';'52445'
'DE137';'78606'
'DE715';'64658'
'DE716';'64846'
'DE128';'74889'
'DE12B';'71299'
'DE936';'28865'
'DE922';'27249'
'DE736';'34477'
'DE93B';'27339'
'DE71C';'63512'
'DE71C';'63500'
'DE736';'34454'
'DE118';'74397'
'DE932';'21770'
'DE112';'71032'
'DE264';'63755'
'DE112';'71101'
'DE927';'27333'
'DE928';'31683'
'DE927';'31547'
'DE300';'13125'
'DE300';'12557'
'DE300';'12623'
'DE262';'97412'
'DE277';'89444'
'DE264';'63762'
'DEF07';'25860'
'DE735';'34632'
'DE719';'63584'
'DE147';'88662'
'DE269';'63939'
'DEF07';'25873'
'DE261';'63739'
'DE94C';'26757'
'DE111';'70188'
'DEF0C';'24992'
'DE118';'74229'
'DEF0C';'24997'
'DE113';'72622'
'DE113';'72663'
'DE147';'88719'
'DE923';'31848'
'DE734';'34225'
'DE735';'34576'
'DE147';'88693'
'DE926';'31868'
'DE146';'88499'
'DE146';'88437'
'DEF0B';'24647'
'DE11B';'97996'
'DEF0B';'24644'
'DE925';'31139'
'DEF0D';'24649'
'DE927';'31637'
'DE725';'36367'
'DE11A';'74538'
'DE737';'37217'
'DE929';'30169'
'DE145';'89180'
'DE265';'97786'
'DEF0D';'24576'
'DE928';'31867'
'DE127';'74736'
'DE25A';'91459'
'DE256';'91622'
'DE111';'70619'
'DE118';'74360'
'DE939';'21712'
'DE118';'74861'
'DE719';'63599'
'DEF0E';'25594'
'DE113';'73732'
'DE113';'72669'
'DE147';'88677'
'DE116';'71384'
'DE116';'71404'
'DE926';'37697'
'DED43';'09544'
'DE300';'10245'
'DE300';'10318'
'DE80L';'18586'
'DEF0C';'24863'
'DE116';'71570'
'DE114';'73107'
'DE26A';'97834'
'DE933';'21647'
'DE21H';'85764'
'DE212';'80634'
'DE21B';'85307'
'DE21B';'85391'
'DE21B';'85386'
'DE212';'80538'
'DEE03';'39112'
'DEE08';'06638'
'DE733';'36282'
'DEF0B';'24790'
'DE265';'97769'
'DE26A';'97780'
'DE26A';'97776'
'DEA1F';'46539'
'DEB12';'53533'
'DEC01';'66127'
'DEB25';'54421'
'DEB24';'54558'
'DEA34';'46342'
'DEA23';'50676'
'DE600';'22303'
'DE266';'97659'
'DE27E';'87561'
'DE11D';'73463'
'DE21A';'84427'
'DE803';'18147'
'DE23A';'95685'
'DEG0M';'04626'
'DED45';'08412'
'DE80L';'18311'
'DE21K';'83233'
'DE227';'84187'
'DE227';'84155'
'DE21M';'83370'
'DE21M';'83236'
'DED44';'08237'
'DE21G';'84565'
'DE223';'94315'
'DED52';'04451'
'DE21D';'82488'
'DEG01';'99091'
'DEG0D';'99631'
'DEE07';'39356'
'DEG0U';'07426'
'DE254';'90429'
'DEG01';'99096'
'DEB3C';'67280'
'DE134';'77886'
'DE24D';'95168'
'DE227';'84079'
'DE93A';'29588'
'DE27D';'86650'
'DE276';'86482'
'DE735';'34599'
'DE300';'12359'
'DE300';'12687'
'DED2F';'01744'
'DE217';'85258'
'DEE0D';'39628'
'DE216';'82515'
'DE217';'85241'
'DE80M';'23970'
'DE212';'81375'
'DE24B';'95369'
'DE21J';'85296'
'DE134';'77728'
'DE94E';'49214'
'DEA5A';'57339'
'DE136';'78098'
'DEB3E';'76767'
'DEB3E';'67361'
'DE124';'76461'
'DEA42';'33449'
'DEB3I';'67125'
'DEA46';'32351'
'DEF07';'25996'
'DEB3I';'67376'
'DE13A';'79780'
'DEF07';'25999'
'DE718';'61381'
'DE922';'27259'
'DE129';'75179'
'DE721';'35457'
'DEB18';'53579'
'DEA56';'58256'
'DE300';'10315'
'DED2F';'01738'
'DE406';'15755'
'DE80J';'17099'
'DE300';'12629'
'DE406';'15741'
'DE80N';'17367'
'DED2C';'02633'
'DE254';'90411'
'DE217';'85235'
'DE21N';'82396'
'DE21C';'82290'
'DE21L';'82229'
'DE934';'29497'
'DE21D';'82494'
'DE80O';'19288'
'DED51';'04277'
'DE23A';'95698'
'DED44';'08262'
'DE22B';'94345'
'DE235';'93491'
'DED42';'08328'
'DE22C';'84160'
'DED42';'08309'
'DEB1A';'56133'
'DEB3F';'67707'
'DEB32';'67661'
'DEA58';'58791'
'DE139';'79650'
'DE131';'79108'
'DEB15';'55776'
'DEB15';'55483'
'DE929';'30629'
'DE938';'29649'
'DE148';'88260'
'DE925';'31137'
'DE11D';'73566'
'DE91C';'37075'
'DE266';'97657'
'DE600';'20359'
'DE11D';'73434'
'DE266';'97647'
'DEF0D';'23812'
'DEF0B';'24113'
'DE11D';'73433'
'DE26B';'97534'
'DE600';'22159'
'DE11C';'89520'
'DEG0R';'99819'
'DE11C';'89168'
'DE91C';'37197'
'DE27C';'87779'
'DE27C';'87752'
'DE11C';'89567'
'DE277';'89428'
'DEA26';'52459'
'DEA15';'41239'
'DEA26';'52399'
'DEB25';'54306'
'DEB25';'54313'
'DE21I';'86701'
'DE80O';'19075'
'DE248';'91355'
'DE24B';'95359'
'DEG0A';'06571'
'DE263';'97072'
'DE265';'97725'
'DE300';'14199'
'DE228';'94538'
'DE300';'13437'
'DE80N';'17506'
'DEA43';'32602'
'DE112';'71149'
'DE501';'28277'
'DE715';'69239'
'DE724';'35282'
'DE12B';'71296'
'DE932';'21763'
'DE143';'72459'
'DE142';'72411'
'DE115';'71254'
'DE112';'71229'
'DE932';'21769'
'DEA1C';'40721'
'DEA1C';'40764'
'DEC01';'66115'
'DE40F';'19309'
'DE21I';'86706'
'DE216';'83671'
'DE24A';'96358'
'DEA2D';'52072'
'DEA1E';'41751'
'DEA15';'41061'
'DEG06';'37339'
'DE916';'38678'
'DE27C';'87755'
'DE26B';'97447'
'DEF0F';'22965'
'DE27C';'87776'
'DE26B';'97488'
'DE267';'97503'
'DE256';'91598'
'DEA22';'53121'
'DEA2A';'51647'
'DE94C';'26847'
'DEB3F';'67686'
'DEA2A';'42499'
'DEA2A';'42477'
'DEA56';'58452'
'DEB18';'53567'
'DE94C';'26789'
'DEA32';'45884'
'DEA34';'48624'
'DEA55';'44649'
'DE947';'26548'
'DE949';'49779'
'DEA1A';'42281'
'DE94C';'26831'
'DEA55';'44629'
'DEB12';'53498'
'DEB3I';'67165'
'DE94D';'27777'
'DE922';'27239'
'DE94D';'27243'
'DE12C';'72285'
'DE129';'75175'
'DE712';'60385'
'DE226';'93351'
'DE218';'85599'
'DE249';'95234'
'DE21B';'85413'
'DE40F';'19336'
'DEG0L';'07589'
'DE409';'16269'
'DED2F';'01814'
'DE409';'15320'
'DE404';'14469'
'DED42';'09430'
'DED42';'09518'
'DE300';'13587'
'DE40A';'16761'
'DED2E';'01623'
'DED2E';'01589'
'DED43';'09633'
'DE228';'94104'
'DE300';'10367'
'DE80L';'18546'
'DE225';'94143'
'DED2F';'01773'
'DED2F';'01778'
'DE40B';'03222'
'DE409';'15326'
'DE40C';'15518'
'DED2D';'02799'
'DED2D';'02957'
'DED2D';'02796'
'DE21N';'82362'
'DE254';'90409'
'DE254';'90478'
'DE21E';'82279'
'DEE07';'39387'
'DE219';'85128'
'DEE07';'39345'
'DE219';'85116'
'DEF0D';'24638'
'DEG0Q';'98639'
'DE916';'38644'
'DE278';'89358'
'DEF0A';'24238'
'DE27D';'86735'
'DE268';'96160'
'DE278';'89365'
'DEF0F';'22946'
'DE27C';'87742'
'DE25A';'91463'
'DE911';'38114'
'DEB34';'67061'
'DE114';'73037'
'DE925';'31084'
'DEF04';'24539'
'DE26C';'97218'
'DE279';'89233'
'DE26B';'97440'
'DEA23';'50672'
'DEB13';'57548'
'DE131';'79100'
'DEA57';'59757'
'DEA38';'59320'
'DE27D';'86641'
'DE917';'38350'
'DEE07';'39393'
'DE71E';'63697'
'DE269';'63868'
'DE132';'79232'
'DEA59';'57482'
'DEA2B';'51469'
'DE94B';'48465'
'DEA1A';'42111'
'DEC03';'66540'
'DEA1A';'42119'
'DE949';'26907'
'DEA2C';'53639'
'DEA1A';'42287'
'DEB1C';'56821'
'DEA11';'40597'
'DEA23';'50939'
'DEB22';'54538'
'DE126';'68309'
'DE716';'64331'
'DE718';'61348'
'DE12B';'75203'
'DE724';'35083'
'DE113';'72636'
'DE141';'72539'
'DE119';'74626'
'DE719';'63639'
'DEF0E';'25560'
'DE735';'34639'
'DE21E';'86926'
'DEF08';'23747'
'DE21N';'82386'
'DE219';'85111'
'DE71D';'65399'
'DE944';'49086'
'DE719';'36381'
'DE141';'72587'
'DE116';'73614'
'DEF0E';'25358'
'DE113';'73275'
'DE939';'21640'
'DE116';'73660'
'DE126';'68259'
'DEA46';'32369'
'DE12A';'72213'
'DE712';'60529'
'DE128';'68535'
'DE716';'64342'
'DE138';'78266'
'DE936';'27711'
'DEA45';'32791'
'DEA47';'33098'
'DE138';'78262'
'DE128';'69250'
'DE713';'63071'
'DE719';'61138'
'DE736';'34516'
'DE71C';'63179'
'DE501';'28205'
'DEF07';'25821'
'DE118';'74374'
'DEF07';'25870'
'DE501';'28355'
'DE137';'78567'
'DEF07';'25917'
'DE128';'69412'
'DE80N';'17406'
'DEA5C';'44536'
'DEA52';'44339'
'DEB3K';'66503'
'DEB13';'56593'
'DEB1D';'56281'
'DE94C';'26845'
'DE227';'84076'
'DE237';'92711'
'DE238';'93138'
'DEB3D';'67823'
'DEB13';'57581'
'DE300';'12045'
'DE300';'12057'
'DEB3I';'67133'
'DE714';'55246'
'DEB3B';'67578'
'DE13A';'79805'
'DE21F';'83684'
'DE40F';'19339'
'DE21B';'85408'
'DE21K';'83104'
'DE227';'84174'
'DE221';'84034'
'DE21K';'83088'
'DE21K';'83126'
'DE238';'93107'
'DE232';'93057'
'DEE01';'06862'
'DEG0L';'07980'
'DE237';'92718'
'DEE05';'06794'
'DE21K';'83083'
'DED44';'08233'
'DED52';'04463'
'DEB1B';'56244'
'DEA58';'58840'
'DEB13';'56594'
'DE407';'04910'
'DE406';'15746'
'DED21';'01169'
'DED21';'01159'
'DE225';'94089'
'DE137';'78532'
'DEA46';'32479'
'DE80L';'18334'
'DED51';'04329'
'DED52';'04683'
'DE21M';'83349'
'DE40D';'16837'
'DE21M';'83373'
'DE80J';'17252'
'DE269';'63920'
'DE115';'74354'
'DE264';'63856'
'DE269';'63936'
'DE269';'63927'
'DE113';'72649'
'DE141';'72531'
'DEF0C';'24896'
'DEF0C';'24988'
'DE928';'31555'
'DE735';'36280'
'DEF0E';'25569'
'DE113';'73277'
'DE94E';'49638'
'DEB14';'55450'
'DE132';'79194'
'DE134';'77749'
'DE131';'79106'
'DE25A';'91462'
'DEG0S';'98528'
'DE27B';'87645'
'DE245';'96191'
'DE93A';'29597'
'DED52';'04824'
'DE214';'84503'
'DED42';'09376'
'DED43';'09306'
'DE224';'94527'
'DE408';'14656'
'DED53';'04886'
'DED41';'09127'
'DE80J';'17091'
'DE235';'93474'
'DE40A';'16727'
'DE224';'94571'
'DE229';'94249'
'DE224';'94541'
'DE407';'04931'
'DE300';'14193'
'DE40H';'15806'
'DE40I';'17268'
'DE300';'12157'
'DE40H';'15827'
'DE300';'10117'
'DE80N';'17392'
'DE123';'76307'
'DE128';'68782'
'DE126';'68167'
'DE932';'27612'
'DE71A';'65843'
'DE71A';'65760'
'DEB18';'56317'
'DEB17';'56170'
'DE929';'30827'
'DE145';'89613'
'DE21F';'83730'
'DEA5A';'57258'
'DE94A';'26486'
'DEB3J';'55411'
'DE133';'79350'
'DEB3D';'67814'
'DEB3J';'55459'
'DE124';'77836'
'DEA5A';'57299'
'DEB3D';'67297'
'DEB1A';'65623'
'DE71D';'65345'
'DE945';'26386'
'DE723';'65552'
'DE235';'93468'
'DEE0E';'06917'
'DE40E';'14547'
'DED42';'08352'
'DED42';'09380'
'DED42';'09390'
'DE300';'13595'
'DED2E';'01594'
'DE300';'13505'
'DE80N';'17498'
'DE407';'04938'
'DE225';'94163'
'DE927';'31619'
'DE128';'64754'
'DE142';'72127'
'DE928';'31708'
'DE928';'31693'
'DEF07';'25878'
'DE407';'04934'
'DE300';'12689'
'DE409';'15366'
'DE406';'15713'
'DED21';'01099'
'DE712';'60310'
'DE129';'75181'
'DE241';'96052'
'DE21E';'86916'
'DE917';'38461'
'DE243';'96450'
'DEF08';'23743'
'DE27D';'86703'
'DE275';'86415'
'DE247';'96489'
'DEA58';'58710'
'DEB3K';'76846'
'DE132';'79299'
'DE132';'79289'
'DEA38';'59229'
'DE948';'26219'
'DE94E';'49170'
'DE94E';'49205'
'DE71D';'65346'
'DEB3B';'67574'
'DE71D';'65529'
'DEB3I';'67240'
'DE123';'76351'
'DE122';'76133'
'DE218';'85664'
'DE80N';'17379'
'DED21';'01109'
'DED21';'01239'
'DED21';'01309'
'DE40B';'01993'
'DED2F';'01816'
'DE80N';'17373'
'DE40G';'03172'
'DE300';'12439'
'DE40B';'01979'
'DEB39';'67547'
'DE939';'21730'
'DE142';'72147'
'DE12A';'75335'
'DEA57';'59929'
'DE136';'78054'
'DE136';'78056'
'DEA41';'33611'
'DEF07';'25863'
'DE128';'68723'
'DE502';'27570'
'DE137';'78187'
'DE71E';'61191'
'DE128';'69231'
'DE712';'60308'
'DE125';'69126'
'DEA57';'34431'
'DE713';'63069'
'DE716';'64409'
'DE71C';'63128'
'DEA47';'33100'
'DE501';'28195'
'DE12A';'75391'
'DE501';'28215'
'DEA45';'32756'
'DE128';'74925'
'DE71E';'63674'
'DE721';'35321'
'DE71B';'64732'
'DE93B';'27321'
'DE932';'21782'
'DE112';'71067'
'DE922';'27327'
'DE111';'70195'
'DE115';'74399'
'DE111';'70567'
'DEF07';'25885'
'DED2F';'01824'
'DE40G';'03096'
'DE40G';'03119'
'DED2C';'02699'
'DE40I';'16307'
'DE402';'03050'
'DED2D';'02747'
'DEB13';'57635'
'DEA52';'44263'
'DE949';'49774'
'DEB3K';'66919'
'DEA58';'58540'
'DE132';'79295'
'DEB3K';'67718'
'DE134';'77975'
'DEB15';'55756'
'DE247';'96465'
'DE21L';'82266'
'DE21C';'82281'
'DEG0U';'07427'
'DEE09';'06463'
'DEE0C';'06449'
'DE148';'88289'
'DE926';'31073'
'DE929';'30451'
'DE927';'31636'
'DE141';'72574'
'DE147';'88048'
'DE113';'73666'
'DE926';'37603'
'DE146';'88400'
'DE929';'30449'
'DEF09';'25421'
'DE145';'89614'
'DE148';'88410'
'DE11D';'73569'
'DE937';'27367'
'DE111';'70180'
'DE111';'70182'
'DE149';'72501'
'DE115';'74395'
'DE111';'70329'
'DE115';'71723'
'DE734';'34270'
'DE118';'74189'
'DE939';'21710'
'DE735';'34305'
'DE118';'74251'
'DE118';'71543'
'DE134';'77743'
'DE133';'79331'
'DE256';'91608'
'DE11D';'73441'
'DE935';'21358'
'DE256';'91596'
'DEF06';'21481'
'DE93A';'29525'
'DE27B';'87648'
'DE914';'29399'
'DEE09';'38835'
'DE93A';'29591'
'DEF08';'23611'
'DE27B';'87672'
'DEF03';'23564'
'DE271';'86199'
'DE276';'86836'
'DE21E';'86944'
'DE258';'90513'
'DE277';'89440'
'DE276';'86441'
'DE914';'29396'
'DE25C';'91747'
'DE93A';'29599'
'DE276';'86845'
'DE276';'86459'
'DEF03';'23552'
'DE276';'86853'
'DEG09';'99955'
'DE913';'38440'
'DE934';'29473'
'DE256';'91734'
'DE21E';'86899'
'DE245';'96110'
'DE247';'96487'
'DE225';'94065'
'DE228';'94130'
'DE406';'15712'
'DE40C';'15537'
'DE40B';'01983'
'DE21M';'83365'
'DE22B';'94350'
'DE235';'93494'
'DE80J';'17248'
'DE22B';'94353'
'DED42';'08294'
'DE235';'93466'
'DE22A';'84329'
'DE22A';'94424'
'DE40E';'14542'
'DE40A';'16766'
'DE22A';'94439'
'DE404';'14476'
'DED42';'09427'
'DED43';'04720'
'DE407';'04895'
'DEA47';'33142'
'DE935';'21388'
'DE256';'91587'
'DEE0A';'06547'
'DE404';'14461'
'DE80J';'17259'
'DEE0E';'06926'
'DEE0E';'06928'
'DEA2D';'04728'
'DEA2D';'04730'
'DED42';'09517'
'DED42';'08318'
'DED52';'04685'
'DE300';'14167'
'DED43';'09599'
'DE225';'94518'
'DE300';'10623'
'DE228';'94152'
'DEF02';'24118'
'DE256';'91616'
'DEF0F';'21465'
'DE916';'38685'
'DE25A';'91593'
'DE277';'89441'
'DE26B';'97511'
'DE278';'89355'
'DEA2D';'52068'
'DEA2D';'52080'
'DEB24';'54611'
'DEA14';'47807'
'DEA1D';'40667'
'DEA1D';'41460'
'DEA28';'53902'
'DEA34';'46354'
'DE94B';'49849'
'DEA11';'40217'
'DEA11';'40625'
'DEA23';'51063'
'DEA13';'45138'
'DE94B';'48455'
'DEC01';'66299'
'DEA22';'53177'
'DEA32';'45889'
'DE736';'35088'
'DE712';'65929'
'DE502';'27580'
'DEA43';'32051'
'DE721';'35452'
'DE712';'60528'
'DE71E';'61239'
'DE71C';'63225'
'DE721';'35440'
'DEA43';'32052'
'DE711';'64291'
'DE715';'64686'
'DE143';'72369'
'DE721';'35460'
'DE721';'35423'
'DE71C';'63322'
'DE724';'35091'
'DE724';'35085'
'DE12B';'75233'
'DE716';'64839'
'DEA46';'32469'
'DE719';'63477'
'DEF07';'25920'
'DE12B';'71297'
'DE128';'74927'
'DE138';'78337'
'DE143';'72362'
'DE71B';'64756'
'DEF0B';'25575'
'DE734';'34266'
'DE148';'88371'
'DE119';'74238'
'DE26A';'97788'
'DE929';'30419'
'DE148';'88255'
'DEF0B';'24782'
'DE406';'15749'
'DE300';'12487'
'DE406';'15757'
'DE239';'92421'
'DE23A';'95679'
'DEG02';'07548'
'DE21K';'83059'
'DE213';'83024'
'DE23A';'95701'
'DE237';'92721'
'DED44';'08491'
'DEE0E';'06868'
'DED51';'04209'
'DE21G';'83559'
'DE238';'93109'
'DE237';'92726'
'DE22B';'94330'
'DE947';'26506'
'DEA1A';'42349'
'DEA36';'45699'
'DEA2C';'53840'
'DE947';'26529'
'DEA35';'48727'
'DEB1D';'55491'
'DE94C';'26826'
'DEB17';'56645'
'DEB17';'56626'
'DEA35';'59399'
'DEB18';'56589'
'DEB3G';'66907'
'DE133';'79367'
'DE139';'79594'
'DEB3F';'67701'
'DEB14';'55595'
'DEB1B';'56249'
'DE134';'77963'
'DEB1B';'56422'
'DE409';'15562'
'DE80N';'17424'
'DE216';'82547'
'DE212';'81249'
'DE934';'29478'
'DE212';'81245'
'DEE0B';'06268'
'DEG0J';'07768'
'DE259';'91230'
'DE80M';'23974'
'DE217';'85250'
'DE25B';'90584'
'DE21N';'82393'
'DE80O';'19077'
'DED21';'01127'
'DE228';'94139'
'DE40B';'03205'
'DE501';'28327'
'DE112';'71139'
'DE138';'78315'
'DE115';'71735'
'DE71B';'64739'
'DE719';'63538'
'DE118';'74336'
'DE115';'71706'
'DE115';'74357'
'DE734';'34385'
'DE26A';'97840'
'DE27B';'87616'
'DE25A';'91456'
'DE272';'87600'
'DEE09';'38879'
'DE27B';'87629'
'DE27D';'86750'
'DE256';'91732'
'DE25A';'91466'
'DE25C';'91735'
'DE276';'86420'
'DE913';'38444'
'DE409';'15377'
'DED2C';'01909'
'DED2D';'02736'
'DE94C';'26842'
'DEB3K';'66978'
'DEB3G';'67757'
'DE134';'77971'
'DEB3D';'67811'
'DE94A';'26441'
'DEB3H';'76855'
'DE94A';'26419'
'DE134';'77866'
'DEB13';'57578'
'DEB3D';'67295'
'DEB3D';'67294'
'DE134';'77871'
'DEB3D';'67816'
'DE94F';'49456'
'DE723';'65620'
'DEA23';'51147'
'DEA13';'45307'
'DEB22';'56861'
'DEC03';'66578'
'DEA1A';'42115'
'DEB22';'56850'
'DE949';'49808'
'DEA51';'44807'
'DE300';'10179'
'DE147';'88045'
'DE26A';'97848'
'DEB14';'55592'
'DE947';'26639'
'DEB3K';'66981'
'DE948';'26676'
'DEB3K';'67716'
'DEB3F';'67705'
'DEA38';'48346'
'DED21';'01139'
'DED2C';'01920'
'DED2C';'01900'
'DE402';'03046'
'DED2C';'02999'
'DE402';'03053'
'DED2D';'02779'
'DE24A';'96364'
'DE94E';'49596'
'DEA38';'48336'
'DEB3J';'55435'
'DE71D';'65347'
'DEA5A';'57271'
'DE114';'73061'
'DE731';'34123'
'DE26A';'97773'
'DEF0E';'25587'
'DE26A';'97851'
'DE27D';'86653'
'DE27D';'86675'
'DE257';'91074'
'DE80O';'19246'
'DEG0C';'99192'
'DEG0A';'99707'
'DEE07';'39646'
'DE252';'91058'
'DEC05';'66399'
'DEA1A';'42103'
'DEA55';'44651'
'DEA51';'44793'
'DEA51';'44809'
'DEA1A';'42277'
'DEA56';'58332'
'DEA52';'44149'
'DEA57';'59939'
'DEB3I';'67166'
'DE724';'35080'
'DEA42';'33415'
'DE12A';'72226'
'DE126';'68163'
'DEA51';'44799'
'DEA37';'48493'
'DEB3G';'66916'
'DEB18';'53545'
'DEA56';'58300'
'DE947';'26553'
'DEB18';'53562'
'DEA2C';'53783'
'DEA37';'48432'
'DE132';'79424'
'DEF0C';'24893'
'DEA38';'48231'
'DEB3H';'76857'
'DEF09';'27498'
'DEB1B';'56472'
'DED2D';'02894'
'DEB3K';'66484'
'DEA52';'44139'
'DEB17';'56218'
'DEB13';'57641'
'DEA53';'58093'
'DEA37';'48268'
'DEB37';'66955'
'DEA59';'57413'
'DEB13';'57586'
'DEA5A';'57223'
'DEB1B';'56470'
'DE71D';'65388'
'DE134';'77855'
'DEB1A';'56370'
'DE124';'77833'
'DE134';'77736'
'DE124';'77815'
'DEB3B';'55234'
'DE13A';'79774'
'DE26A';'97852'
'DE939';'21680'
'DEF0B';'24797'
'DE734';'34233'
'DE114';'73278'
'DE148';'88213'
'DE26A';'97753'
'DE714';'65199'
'DEA38';'59329'
'DE13A';'79809'
'DEB3H';'67482'
'DE134';'77880'
'DE136';'78147'
'DEB3C';'67158'
'DEB39';'67551'
'DE717';'65468'
'DEA19';'42659'
'DEF0E';'25566'
'DE26A';'97775'
'DE26A';'97849'
'DE26A';'97794'
'DE146';'88427'
'DE939';'21614'
'DE938';'29640'
'DE22B';'94351'
'DED45';'08132'
'DE408';'14662'
'DED45';'08141'
'DE235';'93483'
'DE22C';'94419'
'DE214';'84579'
'DE22B';'94375'
'DE22B';'94336'
'DE80L';'18513'
'DE22A';'84332'
'DE229';'94262'
'DEG0U';'98739'
'DE144';'89040'
'DE228';'94565'
'DEF09';'25429'
'DE932';'27637'
'DE932';'27638'
'DEE0E';'06918'
'DE132';'79286'
'DEC01';'66131'
'DEA2B';'51519'
'DEB17';'56745'
'DEA1A';'42105'
'DEC05';'66459'
'DEA51';'44801'
'DEB18';'53547'
'DE236';'92355'
'DE21H';'85748'
'DE216';'83679'
'DEE0C';'06425'
'DEE0B';'06246'
'DE21B';'85405'
'DE249';'95237'
'DEE05';'39264'
'DE239';'92269'
'DEG02';'07554'
'DE21A';'84434'
'DE239';'92449'
'DE23A';'95676'
'DED44';'08543'
'DEA31';'46238'
'DEB22';'54424'
'DE24B';'95361'
'DE217';'85778'
'DE928';'31542'
'DE127';'74740'
'DE141';'72584'
'DE939';'21683'
'DE113';'73249'
'DE938';'29693'
'DEA1F';'46485'
'DEG0U';'07336'
'DEG0T';'99331'
'DED42';'08312'
'DE300';'13047'
'DE300';'14131'
'DE40G';'03139'
'DE80M';'23944'
'DED42';'09395'
'DEE05';'06731'
'DEE0E';'06922'
'DEE0E';'06909'
'DEE0E';'06896'
'DE925';'31085'
'DE925';'31088'
'DEA42';'33311'
'DEF0C';'25868'
'DEF0C';'24875'
'DE21C';'82282'
'DE122';'76006'
'DE80K';'18231'
'DED41';'09028'
'DEA27';'50374'
'DE94B';'49824'
'DEA12';'47169'
'DEA12';'47051'
'DEA23';'50827'
'DEB12';'53505'
'DEA34';'46359'
'DEC01';'66113'
'DEA23';'51105'
'DEA13';'45134'
'DEA1A';'42327'
'DE94E';'49201'
'DE94G';'26349'
'DE134';'77709'
'DE124';'76477'
'DEB3B';'67593'
'DEB3C';'67454'
'DE933';'21442'
'DE11C';'89518'
'DE600';'22117'
'DED41';'09030'
'DED41';'09227'
'DED44';'08265'
'DE212';'81543'
'DEF0E';'25582'
'DE731';'34127'
'DE148';'88273'
'DEF0C';'24986'
'DEF09';'25491'
'DEF0B';'24787'
'DE119';'74679'
'DE11D';'73547'
'DE114';'73092'
'DE928';'31719'
'DEF05';'25785'
'DE115';'70806'
'DE264';'63768'
'DE40I';'16303'
'DE40C';'15299'
'DED2D';'02899'
'DE717';'64521'
'DE717';'64569'
'DE122';'76227'
'DE123';'76676'
'DEG0L';'07987'
'DE238';'93095'
'DE80K';'18181'
'DE238';'93092'
'DE227';'84149'
'DE40E';'14828'
'DE40E';'14793'
'DE21K';'83253'
'DED51';'04179'
'DED52';'04565'
'DE22C';'84164'
'DED51';'04289'
'DED45';'09243'
'DE22B';'94371'
'DED42';'09399'
'DED43';'09217'
'DE214';'84489'
'DE22A';'84337'
'DED41';'09228'
'DE224';'94526'
'DED53';'04774'
'DE224';'94577'
'DED42';'09405'
'DE80L';'18435'
'DE404';'14480'
'DE228';'94086'
'DE300';'13585'
'DE300';'13599'
'DE40I';'17279'
'DE300';'13469'
'DED2E';'01683'
'DE300';'13629'
'DE300';'10709'
'DED43';'09629'
'DE300';'13435'
'DE300';'12059'
'DE300';'10369'
'DE225';'94078'
'DE300';'12555'
'DED21';'01156'
'DED2E';'01445'
'DE406';'15748'
'DED2F';'01809'
'DED21';'01237'
'DE80N';'17321'
'DED2D';'02959'
'DEF0B';'24622'
'DE300';'10707'
'DE40A';'16552'
'DE300';'12307'
'DE114';'73116'
'DEF0B';'24358'
'DE145';'89616'
'DE146';'88456'
'DEF0C';'24972'
'DE11B';'97950'
'DEF0B';'24340'
'DE11D';'73557'
'DE600';'21129'
'DEF0C';'24402'
'DE265';'97762'
'DE224';'94491'
'DE224';'94547'
'DED43';'09603'
'DE40E';'14513'
'DE300';'10999'
'DE718';'61250'
'DE122';'76228'
'DE122';'76229'
'DEA41';'33613'
'DE715';'64653'
'DE712';'60549'
'DE922';'28816'
'DE724';'35112'
'DE12A';'75399'
'DED51';'04159'
'DE40D';'16909'
'DE21M';'83530'
'DED44';'08209'
'DE401';'14774'
'DE21M';'84549'
'DE22C';'94431'
'DE235';'93482'
'DE235';'93449'
'DED42';'08301'
'DE40E';'14929'
'DE21M';'83417'
'DED43';'09232'
'DE235';'93444'
'DED42';'09439'
'DE937';'27432'
'DEF07';'25813'
'DE118';'74363'
'DE127';'69429'
'DE300';'13465'
'DE300';'10717'
'DED43';'09638'
'DE40H';'15831'
'DED2E';'01612'
'DE80N';'17491'
'DE300';'12051'
'DE300';'13088'
'DE300';'12489'
'DE40C';'15859'
'DE405';'16248'
'DE40B';'01994'
'DE80N';'17454'
'DE403';'15234'
'DEA1B';'46446'
'DEA1E';'41366'
'DEA26';'52396'
'DEA15';'41199'
'DE736';'35116'
'DEA41';'33659'
'DE722';'35583'
'DE80J';'17213'
'DE239';'92526'
'DE21G';'84478'
'DED45';'08060'
'DE125';'69124'
'DE712';'60326'
'DE501';'28757'
'DEA45';'32107'
'DE732';'36088'
'DE114';'73098'
'DE111';'70191'
'DEA45';'32676'
'DE928';'31714'
'DE113';'73760'
'DE939';'21706'
'DE147';'88633'
'DE147';'88718'
'DE927';'31634'
'DE118';'74246'
'DE734';'34369'
'DEF0C';'24955'
'DE269';'97909'
'DEF0E';'25573'
'DE118';'74259'
'DEF0B';'24806'
'DE123';'75015'
'DE712';'60325'
'DE711';'64289'
'DE736';'34519'
'DE12B';'75245'
'DE736';'35104'
'DEB13';'57537'
'DE133';'79341'
'DEA58';'58809'
'DE132';'79224'
'DE134';'77974'
'DEB14';'67826'
'DE27D';'86741'
'DE277';'89420'
'DE91B';'38302'
'DE93A';'29579'
'DE27C';'86865'
'DE935';'21398'
'DE276';'86497'
'DEA11';'40231'
'DEC04';'66822'
'DEC01';'66346'
'DEA16';'45470'
'DEA13';'45357'
'DEA31';'46236'
'DEA1C';'40723'
'DEB22';'54487'
'DEA13';'45239'
'DEA23';'50679'
'DEA2C';'53859'
'DEC01';'66123'
'DEA23';'51149'
'DEA19';'42657'
'DEC01';'66271'
'DE734';'34314'
'DE116';'73650'
'DE119';'74639'
'DEB3C';'67150'
'DEA42';'33790'
'DEB3J';'55276'
'DEA58';'58507'
'DEA33';'48147'
'DEA5C';'58730'
'DEB3K';'66957'
'DEA38';'48291'
'DEA37';'49525'
'DE132';'79283'
'DEA26';'52349'
'DEA1D';'41517'
'DEB25';'54311'
'DEA1D';'41515'
'DEA34';'46414'
'DEA12';'47226'
'DEC02';'66709'
'DEC01';'66265'
'DEA1C';'40883'
'DE71D';'65232'
'DEB3J';'55263'
'DE722';'35708'
'DE13A';'79862'
'DE13A';'79804'
'DE124';'76479'
'DEA5B';'59581'
'DE723';'65520'
'DE714';'65205'
'DEB3E';'67366'
'DEB3E';'76773'
'DEF0E';'25524'
'DE937';'27389'
'DE148';'88370'
'DE26A';'97845'
'DE113';'73271'
'DEF0C';'24881'
'DEF0C';'24866'
'DE148';'88250'
'DED43';'09575'
'DE300';'13503'
'DE228';'94529'
'DE300';'10559'
'DED43';'09627'
'DED52';'04688'
'DEE08';'06724'
'DEE08';'06727'
'DEE09';'06507'
'DEE0A';'06348'
'DEG0L';'07989'
'DE925';'31091'
'DED45';'08432'
'DE71D';'65220'
'DE26C';'97276'
'DE145';'89173'
'DE146';'88487'
'DE737';'37249'
'DEF0B';'24242'
'DE600';'22457'
'DE933';'21271'
'DE914';'38556'
'DEF06';'23909'
'DEF03';'23568'
'DE27D';'86681'
'DEB1A';'56379'
'DE21C';'82291'
'DEG0G';'99448'
'DE248';'91362'
'DE80M';'23968'
'DE216';'83676'
'DE259';'90518'
'DE26C';'97244'
'DE26C';'97299'
'DE26A';'97282'
'DE146';'88416'
'DE11D';'73453'
'DE11D';'73540'
'DE11A';'74595'
'DE27A';'88175'
'DE600';'22547'
'DE91C';'37081'
'DE733';'36269'
'DE146';'88483'
'DEF0B';'24369'
'DE91C';'37083'
'DE933';'21218'
'DEF04';'24537'
'DE144';'89075'
'DEF0D';'24640'
'DEF04';'24536'
'DE139';'79689'
'DE132';'79285'
'DEB13';'57580'
'DEB3B';'55232'
'DE27D';'86688'
'DE25C';'91792'
'DE271';'86159'
'DE271';'86167'
'DE247';'96253'
'DE80M';'19205'
'DE145';'72535'
'DEB1B';'57642'
'DEB1B';'57648'
'DEB14';'55559'
'DEB13';'57555'
'DE723';'65556'
'DE945';'26388'
'DEB36';'67434'
'DEB3C';'67310'
'DED2C';'02994'
'DED2C';'02681'
'DE300';'13086'
'DE135';'78739'
'DE216';'82549'
'DEF0C';'24407'
'DE925';'31191'
'DEF0D';'22848'
'DE600';'20255'
'DE600';'20357'
'DE23A';'95683'
'DE21K';'83080'
'DE13A';'79848'
'DE11D';'73467'
'DE278';'89349'
'DEF0A';'24321'
'DE27B';'87647'
'DEF0D';'23820'
'DE935';'21379'
'DEG0C';'99891'
'DE929';'30890'
'DE937';'27419'
'DE26A';'97836'
'DE219';'85132'
'DEG0A';'06567'
'DE254';'90443'
'DE21C';'82299'
'DE233';'92637'
'DE232';'93047'
'DED53';'04435'
'DE21K';'83547'
'DEA2C';'53757'
'DEA36';'45659'
'DE25B';'90455'
'DE24C';'96257'
'DED44';'08523'
'DE237';'92670'
'DE21K';'83139'
'DE137';'78598'
'DE12B';'75428'
'DE115';'74343'
'DE115';'71665'
'DE118';'74193'
'DE936';'28879'
'DEA45';'32694'
'DE928';'31737'
'DE71E';'63654'
'DE937';'27404'
'DE227';'84189'
'DE235';'93192'
'DED51';'04317'
'DED51';'04318'
'DED51';'04316'
'DED42';'08289'
'DE80L';'18314'
'DEE0E';'06905'
'DED45';'09337'
'DEE0E';'06888'
'DE80L';'18465'
'DED41';'09247'
'DE224';'94574'
'DE229';'93471'
'DE22A';'84371'
'DED45';'08373'
'DE22B';'94377'
'DEG0M';'04618'
'DE214';'84576'
'DED45';'09350'
'DEA32';'45897'
'DE712';'60322'
'DEE03';'39175'
'DE712';'60487'
'DE12A';'72224'
'DE238';'93186'
'DE237';'92702'
'DEE08';'06688'
'DE80K';'18059'
'DE21K';'83064'
'DE404';'14467'
'DE300';'14055'
'DEA52';'44388'
'DED21';'01324'
'DE501';'28755'
'DE922';'27211'
'DE128';'69254'
'DE12A';'75365'
'DE716';'64380'
'DE143';'72367'
'DE143';'72358'
'DE71C';'63110'
'DE501';'28211'
'DE138';'78267'
'DE138';'78253'
'DE712';'60312'
'DEB35';'55120'
'DE943';'26135'
'DE600';'22081'
'DEA16';'45476'
'DEA23';'50823'
'DE242';'95445'
'DEA16';'45481'
'DE300';'10779'
'DEA12';'47119'
'DEA11';'40225'
'DE263';'97078'
'DEE02';'06122'
'DE804';'19053'
'DE276';'86424'
'DE21F';'83735'
'DE226';'93356'
'DEE02';'06112'
'DEE0D';'39524'
'DED41';'09112'
'DED41';'09111'
'DED41';'09128'
'DED43';'09661'
'DED42';'09429'
'DE228';'94474'
'DE300';'12279'
'DE300';'12103'
'DE40H';'15834'
'DEF02';'24143'
'DE279';'89296'
'DE40B';'01968'
'DE40C';'15517'
'DE300';'10787'
'DE300';'10557'
'DE407';'03253'
'DE409';'15374'
'DED2C';'02977'
'DED2C';'02733'
'DE403';'15230'
'DED2D';'02956'
'DED2D';'02797'
'DEB23';'54673'
'DE939';'21709'
'DE149';'72511'
'DE725';'36318'
'DE725';'36358'
'DEF05';'25725'
'DE146';'88515'
'DEA18';'42899'
'DEA5C';'59425'
'DE139';'79540'
'DEB32';'67655'
'DEF07';'25867'
'DE138';'78234'
'DE715';'69517'
'DE11D';'73527'
'DE265';'97772'
'DE26C';'97274'
'DE11B';'97990'
'DE737';'37297'
'DE27A';'88178'
'DEA54';'59065'
'DE501';'28329'
'DE719';'63454'
'DEA53';'58089'
'DEA2C';'53842'
'DE300';'13439'
'DE300';'13158'
'DE925';'31079'
'DE600';'22459'
'DE600';'20355'
'DE126';'68199'
'DE123';'76337'
'DE932';'27639'
'DEA52';'44289'
'DEA58';'58509'
'DEA2D';'52066'
'DEA15';'41063'
'DE214';'84508'
'DE600';'21073'
'DE300';'12043'
'DEG01';'99085'
'DE300';'14059'
'DE300';'13467'
'DE300';'10553'
'DE21E';'86859'
'DE21N';'86987'
'DE258';'90556'
'DE914';'38474'
'DE275';'86511'
'DEE04';'29410'
'DE21D';'82442'
'DE21I';'86643'
'DE25C';'91807'
'DE245';'96123'
'DE275';'86554'
'DE21I';'86666'
'DE254';'90431'
'DE248';'91330'
'DE275';'86551'
'DE248';'91094'
'DE40A';'16540'
'DE40H';'15936'
'DE40H';'15837'
'DE300';'13353'
'DED2C';'01896'
'DE40B';'03226'
'DE80N';'17328'
'DED2C';'02694'
'DED2D';'02953'
'DED2D';'02906'
'DE139';'79685'
'DEA5A';'57080'
'DEA59';'57368'
'DE134';'77790'
'DE723';'65553'
'DEF09';'25364'
'DEA22';'53115'
'DE911';'38116'
'DE215';'83487'
'DE229';'94209'
'DE40E';'14558'
'DE407';'04916'
'DED42';'09434'
'DED42';'09509'
'DE40A';'16556'
'DE40A';'16559'
'DE40A';'16562'
'DE300';'12203'
'DE40A';'16567'
'DE300';'12167'
'DE300';'10715'
'DE300';'10827'
'DE80N';'17489'
'DE718';'61462'
'DE122';'76139'
'DE123';'76646'
'DEA41';'33605'
'DEA41';'33609'
'DE932';'27478'
'DE941';'27753'
'DE12B';'75236'
'DE12A';'75387'
'DEA45';'33813'
'DE40D';'16845'
'DE80J';'17209'
'DEE05';'06749'
'DED44';'08485'
'DED51';'04177'
'DE932';'27628'
'DE123';'76689'
'DE128';'68809'
'DE71A';'65830'
'DE722';'35580'
'DE600';'27499'
'DE136';'78073'
'DE501';'27568'
'DEA46';'32609'
'DE721';'35305'
'DE143';'72415'
'DE137';'78580'
'DE937';'27442'
'DE929';'30165'
'DE402';'03052'
'DE300';'13507'
'DED51';'04319'
'DE93B';'28832'
'DE724';'35260'
'DEA44';'32839'
'DE219';'85104'
'DE300';'13053'
'DE300';'12681'
'DE300';'12621'
'DE600';'21109'
'DEC01';'66126'
'DEA24';'51373'
'DEF07';'25923'
'DE501';'28279'
'DE501';'28359'
'DEF05';'25764'
'DE932';'21762'
'DE71E';'61209'
'DE118';'74930'
'DE719';'63457'
'DE71B';'64720'
'DE137';'78597'
'DE93B';'28870'
'DE112';'71088'
'DE927';'31613'
'DE264';'63811'
'DEF05';'25776'
'DEF05';'25770'
'DE113';'70771'
'DE115';'71732'
'DE127';'74821'
'DE11C';'89564'
'DE256';'91626'
'DE27C';'87724'
'DEF0F';'22955'
'DE267';'97531'
'DE26B';'97513'
'DE911';'38112'
'DE25A';'91619'
'DE27D';'86720'
'DEG0Q';'98547'
'DEF06';'21527'
'DE93A';'29559'
'DE267';'97461'
'DE911';'38110'
'DE914';'38559'
'DE93A';'29585'
'DE232';'93053'
'DE238';'93083'
'DE113';'73734'
'DE718';'61479'
'DEB3I';'67354'
'DE127';'74749'
'DE116';'71573'
'DE113';'73269'
'DEF0C';'24890'
'DE148';'88379'
'DE146';'88525'
'DE734';'34320'
'DED45';'08118'
'DE80J';'17159'
'DED42';'09481'
'DE40E';'14548'
'DE80L';'18510'
'DE80J';'17348'
'DE300';'12107'
'DE80J';'17098'
'DEF0C';'24392'
'DE114';'73337'
'DE148';'88364'
'DEF09';'25373'
'DE918';'37574'
'DE600';'22587'
'DE737';'37218'
'DE145';'89584'
'DEF0B';'24634'
'DE737';'37242'
'DEF0D';'25479'
'DEF0B';'24398'
'DE263';'97084'
'DE266';'97653'
'DE600';'22529'
'DE732';'36142'
'DE737';'37296'
'DE600';'22419'
'DEA5C';'44532'
'DEA52';'44379'
'DEA19';'42651'
'DEA36';'45661'
'DEG01';'99097'
'DE131';'79115'
'DEA33';'48079'
'DE300';'11011'
'DEA51';'44803'
'DEA1D';'41472'
'DEA12';'47167'
'DE91C';'34355'
'DE114';'73349'
'DE939';'21643'
'DEF0B';'24809'
'DE733';'36211'
'DE146';'88448'
'DE114';'73342'
'DE929';'30982'
'DE929';'30179'
'DE600';'20146'
'DE26C';'97294'
'DEF0B';'24254'
'DE600';'22083'
'DE600';'22415'
'DE279';'89275'
'DE146';'88457'
'DEF02';'24111'
'DE600';'22049'
'DE11D';'73460'
'DE931';'29328'
'DE925';'31188'
'DE600';'22395'
'DE26B';'97523'
'DE11C';'89522'
'DE256';'91628'
'DE26B';'97537'
'DEF0A';'24223'
'DE11D';'73450'
'DE91B';'38274'
'DE256';'91592'
'DE278';'89362'
'DE91C';'37431'
'DE278';'89350'
'DE146';'88453'
'DE737';'37276'
'DE600';'22087'
'DE600';'20535'
'DE11D';'73447'
'DE266';'97645'
'DE26C';'97279'
'DEF0A';'24250'
'DEA2D';'52222'
'DEB23';'54669'
'DEB25';'54450'
'DEA28';'53909'
'DEA28';'53945'
'DEC02';'66701'
'DEA12';'47229'
'DE94B';'49847'
'DEA1D';'41469'
'DEA1F';'46537'
'DEA1D';'41540'
'DEC04';'66806'
'DE600';'21031'
'DE256';'91583'
'DE931';'29345'
'DEF0A';'24248'
'DE268';'97350'
'DE279';'89297'
'DE912';'38228'
'DE278';'86480'
'DEA11';'40233'
'DE253';'90765'
'DEF06';'21524'
'DE935';'21337'
'DE267';'97486'
'DE251';'91522'
'DEG09';'99998'
'DE718';'61389'
'DE722';'35649'
'DE21K';'83254'
'DE40E';'14778'
'DED51';'04315'
'DE239';'92559'
'DE22A';'84326'
'DED42';'08324'
'DED42';'08349'
'DED42';'09394'
'DE214';'84524'
'DE27E';'87471'
'DEG06';'37345'
'DE267';'97519'
'DEG0D';'99625'
'DEE07';'39164'
'DE21L';'82205'
'DE21N';'82402'
'DE21N';'82347'
'DE259';'90610'
'DE219';'85110'
'DE21C';'82275'
'DEG0U';'07330'
'DEE0C';'06469'
'DE236';'92334'
'DE27D';'86736'
'DE93A';'29575'
'DE267';'97483'
'DE935';'21354'
'DEF03';'23558'
'DE93A';'29584'
'DE256';'91590'
'DE276';'86486'
'DE214';'84571'
'DE22A';'84335'
'DE22B';'94379'
'DED43';'09236'
'DE404';'14478'
'DE40E';'14532'
'DE300';'14129'
'DE225';'94579'
'DE229';'94261'
'DE80J';'17349'
'DE300';'12101'
'DE225';'94568'
'DE300';'10437'
'DE300';'10405'
'DE300';'12305'
'DEA47';'33129'
'DEG0C';'99958'
'DE257';'96172'
'DE256';'91560'
'DE93A';'29594'
'DE276';'86368'
'DE913';'38446'
'DE917';'38464'
'DE276';'86672'
'DE271';'86165'
'DE271';'86163'
'DE917';'38372'
'DE275';'86510'
'DEE04';'29416'
'DEF0E';'25591'
'DEF0C';'24879'
'DE929';'30826'
'DE926';'37643'
'DE146';'88524'
'DEF0B';'25590'
'DE11A';'74545'
'DE119';'74638'
'DEF09';'25492'
'DE21A';'85459'
'DE21A';'85669'
'DED51';'04347'
'DED51';'04299'
'DE27B';'86869'
'DE267';'96184'
'DE245';'96194'
'DEE04';'29413'
'DE723';'65594'
'DE945';'26382'
'DE94E';'49176'
'DE134';'77756'
'DEA57';'57392'
'DEB3H';'76879'
'DEB3B';'55239'
'DEB3H';'76877'
'DEB3B';'67590'
'DEB3C';'67229'
'DE259';'91224'
'DE219';'85092'
'DEE0B';'06279'
'DE234';'92268'
'DE219';'85129'
'DE212';'80802'
'DE212';'81927'
'DE238';'93155'
'DEE06';'39291'
'DEG0K';'07926'
'DE21F';'83629'
'DE80K';'18249'
'DEG0J';'07629'
'DE111';'70499'
'DE111';'70435'
'DE269';'63924'
'DEF05';'25791'
'DE115';'71720'
'DE141';'72813'
'DE115';'71563'
'DE264';'63871'
'DEF01';'24941'
'DE923';'31789'
'DE731';'34130'
'DE918';'37194'
'DE27C';'86874'
'DE27B';'87637'
'DEG07';'99735'
'DE267';'96126'
'DEA44';'33039'
'DE218';'83553'
'DE239';'92546'
'DED44';'08547'
'DEE01';'06846'
'DED53';'04509'
'DE239';'92447'
'DE21G';'84431'
'DE21G';'84544'
'DED44';'08267'
'DED45';'08064'
'DE401';'14776'
'DED45';'08112'
'DE80K';'17179'
'DED51';'04356'
'DED51';'04357'
'DE278';'89343'
'DE256';'91749'
'DE914';'38528'
'DE25A';'91472'
'DE91B';'38315'
'DE27D';'86745'
'DE916';'38667'
'DE219';'85134'
'DE246';'91257'
'DE246';'95500'
'DE21B';'85777'
'DE249';'95179'
'DE80K';'18233'
'DE212';'81675'
'DEG0J';'07613'
'DEB3E';'67363'
'DEB3I';'67126'
'DE132';'79843'
'DE94D';'27798'
'DE722';'35690'
'DEB3E';'76777'
'DE136';'78052'
'DEB31';'67227'
'DEB3I';'67374'
'DE123';'76344'
'DE123';'76707'
'DE716';'64319'
'DE125';'69123'
'DE502';'27574'
'DE143';'72348'
'DE712';'60329'
'DEA47';'33104'
'DE12A';'75378'
'DE12B';'75239'
'DEA43';'32049'
'DE715';'69488'
'DE724';'35037'
'DE724';'35039'
'DE71E';'61194'
'DE123';'75059'
'DE128';'69257'
'DE71E';'61203'
'DEF02';'24106'
'DE719';'61137'
'DE501';'28213'
'DEF07';'25832'
'DE734';'34466'
'DE927';'31609'
'DE264';'63776'
'DEF05';'25727'
'DE118';'74382'
'DE111';'70184'
'DE147';'88690'
'DE113';'72654'
'DE928';'31698'
'DEF0E';'25554'
'DE115';'71729'
'DE113';'73770'
'DE269';'97904'
'DEF0C';'24850'
'DE926';'37619'
'DEE06';'39317'
'DE80K';'18198'
'DE232';'93059'
'DEG0L';'07957'
'DEE08';'06711'
'DE23A';'95666'
'DE21G';'83567'
'DE21K';'83123'
'DE40E';'14789'
'DED51';'04107'
'DED44';'08236'
'DED52';'04571'
'DE40E';'14798'
'DED45';'08058'
'DED45';'08393'
'DE22B';'94356'
'DE21M';'83376'
'DEF02';'24103'
'DE212';'81475'
'DED53';'04849'
'DE215';'83317'
'DED43';'09249'
'DE235';'93485'
'DE22A';'84389'
'DED42';'09468'
'DE215';'83457'
'DED42';'09392'
'DE80J';'17235'
'DE404';'14473'
'DE229';'94264'
'DE300';'13581'
'DE24D';'95659'
'DE80K';'18299'
'DE24D';'95706'
'DED51';'04158'
'DED51';'04105'
'DED52';'04564'
'DE300';'12277'
'DED51';'04279'
'DEA51';'44787'
'DED51';'04349'
'DEG01';'99086'
'DEA41';'33602'
'DEG0R';'99848'
'DE227';'84166'
'DE23A';'95652'
'DE21K';'83093'
'DEE05';'06803'
'DEE05';'06808'
'DE80J';'17214'
'DE21A';'85447'
'DE249';'95185'
'DE227';'84107'
'DE23A';'92681'
'DE24D';'95680'
'DE21A';'84435'
'DE803';'18106'
'DEE0B';'06231'
'DE21A';'84405'
'DE80L';'18445'
'DE803';'18057'
'DE22B';'84066'
'DE239';'92442'
'DE21K';'83556'
'DE237';'92685'
'DED44';'08261'
'DED43';'09669'
'DEB17';'56191'
'DEB1B';'56237'
'DEB1D';'55430'
'DE732';'36041'
'DEF0C';'24977'
'DEF09';'25436'
'DEF0C';'24873'
'DED2F';'01848'
'DED2C';'02979'
'DE115';'74321'
'DE927';'27324'
'DE149';'88630'
'DE111';'70190'
'DE732';'36043'
'DE733';'36199'
'DE11A';'74405'
'DE931';'29323'
'DE929';'30519'
'DE929';'30657'
'DE732';'36129'
'DE737';'36205'
'DE245';'96178'
'DE914';'38467'
'DE258';'90614'
'DE25B';'91183'
'DE27D';'86663'
'DE257';'91350'
'DEG0D';'99189'
'DEA52';'44328'
'DE139';'79415'
'DE932';'27616'
'DEF05';'25774'
'DE21L';'82234'
'DE80M';'23966'
'DEA1C';'40880'
'DE723';'65611'
'DE933';'21444'
'DE256';'91635'
'DEF0A';'24253'
'DE931';'29353'
'DE246';'95460'
'DE21F';'83714'
'DE218';'85646'
'DE24A';'96346'
'DE212';'80995'
'DE80M';'23996'
'DE277';'89407'
'DE27C';'87775'
'DE927';'31582'
'DE141';'72793'
'DE914';'38551'
'DEA16';'45479'
'DEA17';'46145'
'DEB22';'54492'
'DEA2C';'53347'
'DE115';'74394'
'DED2C';'02692'
'DED2D';'02782'
'DED2D';'02739'
'DEB3B';'67580'
'DED2D';'02943'
'DED2D';'02923'
'DEE0C';'39435'
'DE147';'88074'
'DE300';'10439'
'DE949';'49757'
'DEB17';'56179'
'DE725';'63679'
'DEF07';'25866'
'DE259';'91235'
'DE249';'95188'
'DEB34';'67067'
'DE27D';'86759'
'DE135';'78733'
'DE11B';'97900'
'DE217';'85244'
'DE217';'85256'
'DE80J';'17109'
'DE80L';'18516'
'DE228';'94501'
'DE115';'71726'
'DE269';'63916'
'DE725';'36355'
'DE256';'91744'
'DE277';'89344'
'DE91B';'38304'
'DE267';'97494'
'DE216';'82432'
'DED2E';'01471'
'DEA2A';'51789'
'DEA34';'48599'
'DE118';'74243'
'DE938';'29664'
'DE21N';'82380'
'DE26C';'97283'
'DE938';'29643'
'DE148';'88287'
'DE27A';'88131'
'DEC06';'66646'
'DEA23';'51065'
'DEA32';'45894'
'DEA2D';'52146'
'DEA29';'41836'
'DEA27';'50127'
'DEB21';'54292'
'DE247';'96237'
'DEF07';'25853'
'DED2C';'01904'
'DED2F';'01855'
'DE256';'91629'
'DE914';'38553'
'DEC01';'66117'
'DEA23';'50968'
'DEB1C';'56825'
'DEA22';'53125'
'DE245';'96158'
'DE94A';'26434'
'DEB1B';'56412'
'DEB13';'57583'
'DEG0V';'96528'
'DE929';'31319'
'DEG06';'37318'
'DEF0B';'24814'
'DE929';'30938'
'DE27E';'87477'
'DE278';'86491'
'DE27B';'87496'
'DE27E';'87466'
'DE142';'72145'
'DE112';'71287'
'DE80N';'17459'
'DED2C';'01477'
'DEA1B';'47652'
'DE13A';'79725'
'DEE09';'38836'
'DEB32';'67663'
'DE123';'76698'
'DE922';'27248'
'DE278';'86473'
'DE238';'93195'
'DE724';'35102'
'DEB14';'55585'
'DE237';'92694'
'DE406';'15938'
'DE268';'97346'
'DE718';'61350'
'DE934';'29471'
'DE239';'92551'
'DE11A';'74582'
'DE733';'36272'
'DE300';'10119'
'DE112';'71083'
'DEA5A';'57074'
'DEF03';'23570'
'DE21M';'83355'
'DE118';'74206'
'DEA52';'44147'
'DEA1F';'46499'
'DE143';'72365'
'DE276';'86856'
'DE406';'15738'
'DE234';'91249'
'DE922';'27252'
'DE71D';'65222'
'DE115';'71640'
'DE145';'89597'
'DED52';'04668'
'DE71D';'65391'
'DE212';'81539'
'DE26C';'97249'
'DE21E';'86922'
'DE226';'93309'
'DE933';'21266'
'DE94E';'49586'
'DEB13';'57577'
'DE113';'72631'
'DE27B';'86983'
'DE600';'22417'
'DE80K';'18230'
'DE716';'64397'
'DEB18';'56316'
'DEA13';'45144'
'DE123';'76669'
'DEA17';'46045'
'DE278';'86470'
'DEA2B';'42929'
'DE215';'83410'
'DE23A';'95643'
'DE143';'72364'
'DE21N';'86986'
'DE80O';'19306'
'DEE03';'39014'
'DE115';'74392'
'DE733';'36208'
'DE212';'80337'
'DE21J';'85283'
'DE735';'34582'
'DE114';'73312'
'DED2C';'02625'
'DED52';'04574'
'DE27C';'87761'
'DEG0S';'98529'
'DEG0R';'36433'
'DE26A';'97289'
'DEA12';'47053'
'DE21M';'83342'
'DE24B';'95346'
'DE145';'89611'
'DE94F';'49393'
'DE917';'38385'
'DE219';'91795'
'DE714';'65203'
'DEG0G';'99438'
'DEA23';'50667'
'DE11B';'74744'
'DE94G';'27804'
'DEA18';'42855'
'DEB1B';'56271'
'DEF0F';'23843'
'DE27C';'87760'
'DEE05';'06779'
'DEA41';'33604'
'DE732';'36037'
'DEB14';'55596'
'DE734';'34253'
'DEF0A';'24232'
'DEB3J';'55425'
'DE712';'60318'
'DE939';'21729'
'DE916';'38709'
'DE929';'30855'
'DE263';'97074'
'DEF0B';'24351'
'DED21';'01259'
'DED2C';'02689'
'DE600';'20354'
'DE26B';'97520'
'DE145';'89176'
'DE24D';'95173'
'DE149';'88637'
'DEB1B';'56459'
'DE239';'92436'
'DE226';'93339'
'DEF0C';'24876'
'DE71D';'65221'
'DEE09';'38855'
'DE21K';'83098'
'DEF06';'23627'
'DE300';'10629'
'DEA14';'47798'
'DEE0E';'06901'
'DEE0C';'39444'
'DE132';'79206'
'DEB3G';'66903'
'DEF0C';'24983'
'DEB3J';'67586'
'DE404';'14482'
'DE148';'88374'
'DE600';'21079'
'DE142';'72131'
'DE928';'31558'
'DE949';'49832'
'DE226';'93326'
'DE803';'18146'
